Site_ID,FID_1,Dataset_1,Major_ID_1,Tuna_area_1,Site_Name,EJZ1,EJZ1_2,EJZ2,NINV,EJZ3a,EJZ3,EJZ3b,AKK,EJZ4,EJZ4C,LTM,EBA_FCP,KHA,MBA_LBA_T,NUZI,LBA,SM,MASS,EIA_FCP,LASS,MIA_FCP,EIA_MIA_FC,IA,IA_FCP,LIA,PASS,POINT_X,POINT_Y
LLN_1,1,LLN,LLN_1_0_0,84.9517861602,Tell Leilan,90.0001,0,90.0002,0,0,90.0002,0,90.0002,0,0,0,0,90.0002,0,90.0001,0,0,90.0001,0,0,0,0,0,0,0,0,723066.155066667,4093173.05456667
LLN_10,49,LLN,LLN_10_0_0,0,#N/A,0,0,0,0,0,1.73135,0,1.73135,0,0,0,0,1.73135,0,0,0,0,0,0,0,0,0,0,0,0,0,723183.249833333,4095431.84406667
LLN_100,17,LLN,LLN_100_0_0,4.31579178805,#N/A,0,0,0,0,0,0,0,0,0,0,0,0,0.0001,0,0,0,0,0,0,0,0,0,0,0,0,0,731767.7848,4091036.745
LLN_101,116,LLN,LLN_101_0_0,0,Abbas,0,0.78539815,0,0,0,0,0,0,0,0,0,0,0,0,0,0,0,0,0,0,0,0,0,0,0,0,729255.786,4092514.1011
LLN_102,117,LLN,LLN_102_0_0,0,Bum,0,0,0,0,0,0,0,0,0,0,0,0,0.5,0,0,0,0,0,0,0,0,0,0,0,0,0,732942.0049,4091372.2826
LLN_104,163,LLN,LLN_104_0_0,0,Magreinat West,0,0,0,0,0,0,0,0,0,0,0,0,2.25,0,0,0,0,2.25,0,0,0,0,0,0,0,0,721917.9549,4085700.0767
LLN_106,67,LLN,LLN_106_0_0,15.2571603461,Toueiyel,0,4.08,4.08,0,0,4.08,0,4.08,0,0,0,0,4.08,0,0,0,0,0,0,0,0,0,0,0,0,0,729549.4,4083222.5702
LLN_107,164,LLN,LLN_107_0_0,0,Hansa al-Boutha,0,0,0,0,0,0,0,0,0,0,0,0,7.08822e-005,0,0,0,0,0,0,0,0,0,0,0,0,0,721969.8959,4085664.1175
LLN_108,118,LLN,LLN_108_0_0,0,Jalak,0,0,0,0,0,0,0,1.5,0,0,0,0,1.5,0,0,0,0,0,0,0,0,0,0,0,0,0,722478.0948,4084177.9132
LLN_11,165,LLN,LLN_11_0_0,0,Rehaya 3,0,0,0,0,0,0,0,0,0,0,0,0,3.48,0,0,0,0,3.48,0,0,0,0,0,0,0,0,721973.8914,4085600.1901
LLN_112,68,LLN,LLN_112_0_0,11.4884632894,Taya,0,3.4,3.4,0,0,3.4,0,0,0,0,0,0,3.4,0,0,0,0,3.4,0,0,0,0,0,0,0,0,723918.5952,4085425.0403
LLN_114,166,LLN,LLN_114_0_0,0,Hormor 2,0,0,0,0,0,0,0,0,0,0,0,0,1.02,0,0,0,0,0,0,0,0,0,0,0,0,0,721909.964,4085600.1901
LLN_115,69,LLN,LLN_115_0_0,0,Siha Kabira,0,0,0,0,0,0,0,0,0,0,0,0,5,0,0,0,0,0,0,0,0,0,0,0,0,0,717740.4857,4094161.164
LLN_118,119,LLN,LLN_118_0_0,0,Shibaniyeh,0,0,0,0,0,0,0,0,0,0,0,0,1.2,0,0,0,0,0,0,0,0,0,0,0,0,0,712552.8662,4091896.0649
LLN_12,16,LLN,LLN_12_0_0,4.44623434183,Awda,3.52,0,3.52,0,0,3.52,0,3.52,0,0,0,0,3.52,0,0,0,0,0,0,0,0,0,0,0,0,0,734992.3783,4092482.7708
LLN_120,70,LLN,LLN_120_0_0,2.12603783756,Arbat,1.08,0,1.08,0,0,1.08,0,0,0,0,0,0,1.08,0,0,0,0,0,0,0,0,0,0,0,0,0,703147.424,4096543.543
LLN_123,44,LLN,LLN_123_0_0,36.8100009372,Khodr,0,12.25,0,0,0,12.25,0,12.25,0,12.25,0,0,12.25,0,0,0,0,12.25,0,0,0,0,0,0,0,0,717465.1778,4067204.0911
LLN_124,167,LLN,LLN_124_0_0,0,East of Bagheriya,0,0,0,0,0,0,0,0,0,0,0,0,0,0,0,0,0,0,0,0,0,0,0,0,0,0,721878.0002,4085648.1357
LLN_125,71,LLN,LLN_125_0_0,16.2694152539,Hameid,0,0,0,0,0,0,0,23,0,23,0,0,23,0,0,0,0,0,0,0,0,0,0,0,0,0,745412.0627,4063513.1701
LLN_13,156,LLN,LLN_13_0_0,0,Gir Souar,0,5.12,5.12,0,0,5.12,0,5.12,0,5.12,0,0,5.12,0,0,0,0,0,0,0,0,0,0,0,0,0,717194.3065,4096344.1119
LLN_130,105,LLN,LLN_130_0_0,0,Daharan 2,0,0,0,0,0,0,0,0,0,0,0,0,0.5,0,0,0,0,0,0,0,0,0,0,0,0,0,732245.0912,4057200.3366
LLN_132,148,LLN,LLN_132_0_0,0,Wadi near Mitaniye,0,0,0,0,0,0,0,0,0,0,0,0,0.4,0,0,0,0,0,0,0,0,0,0,0,0,0,709300.1626,4087087.6558
LLN_133,27,LLN,LLN_133_0_0,3.28169356,Abu Qassayeb,0,0.3,0.3,0,0,0.3,0,0.3,0,0.3,0,0,0,0,0,0,0,0,0,0,0,0,0,0,0,0,710637.3923,4083547.211
LLN_134,72,LLN,LLN_134_0_0,0,Mitaniye,0,0,0,0,0,0,0,0,0,0,0,0,8.8,0,0,0,0,0,0,0,0,0,0,0,0,0,711702.9825,4086409.9299
LLN_136,14,LLN,LLN_136_0_0,0,Gir Tav,6,0,6,0,0,0,0,0,0,0,0,0,0,0,0,0,0,0,0,0,0,0,0,0,0,0,710903.1315,4101869.4968
LLN_137,3,LLN,LLN_137_0_0,3.17768653625,Barham,1.327322874,0,1.327322874,0,0,0,0,0,0,0,0,0,1.327322874,0,0,0,0,0,0,0,0,0,0,0,0,0,723751.4573,4096537.8784
LLN_138,168,LLN,LLN_138_0_0,0,Sharmoukh Village,0,0,0,0,0,0,0,0,0,0,0,0,6,0,0,0,0,0,0,0,0,0,0,0,0,0,721957.9095,4085552.2445
LLN_14,11,LLN,LLN_14_0_0,8.29956630401,Bayandur,0,9.66,9.66,0,0,9.66,0,9.66,0,0,0,0,9.66,0,0,0,0,9.66,0,0,0,0,0,0,0,0,716994.3292,4100983.7145
LLN_142,73,LLN,LLN_142_0_0,4.22882717258,Suwaidiya Kabira,0,0,0,0,0,0,0,0,0,0,0,0,2.432849309,0,0,0,0,0,0,0,0,0,0,0,0,0,705611.2314,4088443.894
LLN_143,91,LLN,LLN_143_0_0,0,Buludiya,0,0,0,0,0,0,0,0,0,0,0,0,1.539380374,0,0,0,0,0,0,0,0,0,0,0,0,0,706093.3368,4091202.6999
LLN_144,94,LLN,LLN_144_0_0,0,Awena,0,0,0,0,0,0,0,0,0,0,0,0,2.5,0,0,0,0,0,0,0,0,0,0,0,0,0,708580.2091,4095405.0331
LLN_145,169,LLN,LLN_145_0_0,0,Tartab 1,0,0,6,0,0,6,0,0,0,0,0,0,6,0,0,0,0,6,0,0,0,0,0,0,0,0,722025.8324,4085592.1992
LLN_147,96,LLN,LLN_147_0_0,3.47932143017,Abu Hajjeira village,0,0,0,0,0,0,0,0,0,0,0,0,3.2,0,0,0,0,0,0,0,0,0,0,0,0,0,726963.7261,4094568.0721
LLN_148,98,LLN,LLN_148_0_0,6.65896035909,Gunduk Said,0,0,0,0,0,0,0,0,0,0,0,0,1.227184609,0,0,0,0,1.227184609,0,0,0,0,0,0,0,0,728477.1652,4095397.0928
LLN_149,97,LLN,LLN_149_0_0,2.44582853101,Malish 1,0,0,0,0,0,0,0,0,0,0,0,0,0.78539815,0,0,0,0,0,0,0,0,0,0,0,0,0,729663.6636,4096997.7999
LLN_15,22,LLN,LLN_15_0_0,19.7979411701,Blaij,0,6.2,6.2,0,0,6.2,0,6.2,0,0,0,0,6.2,0,0,0,0,0,0,0,0,0,0,0,0,0,717020.4457,4089425.1511
LLN_155,120,LLN,LLN_155_0_0,0,Maqbara,1.44,1.44,0,0,0,0,0,0,0,0,0,0,1.44,0,0,0,0,1.44,0,0,0,0,0,0,0,0,735373.2813,4097069.3369
LLN_156,121,LLN,LLN_156_0_0,0,Aaramish,0,0,0,0,0,0,0,0,0,0,0,0,0.0001,0,0,0,0,0,0,0,0,0,0,0,0,0,734164.5728,4095908.9769
LLN_157,170,LLN,LLN_157_0_0,0,Madhluma,1.2,0,0,0,0,0,0,0,0,0,0,0,1.2,0,0,0,0,0,0,0,0,0,0,0,0,0,722025.8324,4085736.0359
LLN_158,122,LLN,LLN_158_0_0,0,Shibaniyeh 2,0,0,0,0,0,0,0,0,0,0,0,0,4.1,0,0,0,0,0,0,0,0,0,0,0,0,0,712215.5341,4091563.9525
LLN_16,9,LLN,LLN_16_0_0,5.81178334909,Dougird,0,16,16,0,0,16,0,0,0,0,0,0,16,0,0,0,0,0,0,0,0,0,0,0,0,0,721828.4872,4101613.8599
LLN_161,74,LLN,LLN_161_0_0,0,Mathlutheh Hillal,0,0,1.96,0,0,0,0,0,0,0,0,0,1.96,0,1.96,0,0,0,0,0,0,0,0,0,0,0,716057.3616,4077965.3056
LLN_162,171,LLN,LLN_162_0_0,0,Mathlutheh Halag,0,0,0,0,0,0,0,0,0,0,0,0,0,0,4.5,0,0,0,0,0,0,0,0,0,0,0,721973.8914,4085779.986
LLN_165,123,LLN,LLN_165_0_0,0,Amri Kabir,0,2,2,0,0,2,0,2,0,0,0,0,2,0,0,0,0,0,0,0,0,0,0,0,0,0,714313.8059,4077328.6361
LLN_166,124,LLN,LLN_166_0_0,2.60832079649,Mathlutheh Tawila,7.5,0,7.5,0,0,0,0,7.5,0,0,0,0,0,0,0,0,0,0,0,0,0,0,0,0,0,0,715626.0855,4077186.3801
LLN_169,29,LLN,LLN_169_0_0,0,Qasr Faris,1.5625,0,1.5625,0,0,1.5625,0,1.5625,0,0,0,0,1.5625,0,0,0,0,0,0,0,0,0,0,0,0,0,720233.6999,4081932.0909
LLN_17,23,LLN,LLN_17_0_0,0,Kulurah,0,2,2,0,0,2,0,0,0,0,0,0,2,0,0,0,0,0,0,0,0,0,0,0,0,0,714724.6724,4087225.6376
LLN_171,172,LLN,LLN_171_0_0,0,Kharab al-Bus,0,0,0,0,0,0,0,0,0,0,0,0,0,0,3,0,0,0,0,0,0,0,0,0,0,0,721909.964,4085775.9905
LLN_179,173,LLN,LLN_179_0_0,0,Tartab 3,0,6.4,6.4,0,0,6.4,0,6.4,0,0,0,0,6.4,0,0,0,0,0,0,0,0,0,0,0,0,0,721878.0002,4085740.0313
LLN_18,30,LLN,LLN_18_0_0,4.94786262789,Farsouk Kebir,0,0,2,0,0,2,0,2,0,0,0,0,2,0,0,0,0,0,0,0,0,0,0,0,0,0,720870.058,4082470.5346
LLN_180,26,LLN,LLN_180_0_0,4.39989323012,Ghazal,0,11.96,11.96,0,0,11.96,0,11.96,0,11.96,0,0,11.96,0,0,0,0,0,0,0,0,0,0,0,0,0,708606.3497,4084069.9172
LLN_181,95,LLN,LLN_181_0_0,0,Bayazeh Kabira 1,0,0,0,0,0,0,0,0,0,0,0,0,1.484893377,0,0,0,0,0,0,0,0,0,0,0,0,0,725407.6704,4094393.469
LLN_182,174,LLN,LLN_182_0_0,0,Bayaza Kabira 2,0,0,0,0,0,0,0,0,0,0,0,0,1.125,0,0,0,0,0,0,0,0,0,0,0,0,0,721834.0501,4085680.0994
LLN_183,89,LLN,LLN_183_0_0,1.42356233849,Banja,0,0,0,0,0,0,0,0,0,0,0,0,3.1415926,0,3.1415926,0,0,0,0,0,0,0,0,0,0,0,733821.2825,4091398.9025
LLN_184,125,LLN,LLN_184_0_0,0,Qubur al-harb,0,0,0,0,0,0,0,0,0,0,0,0,1,0,0,0,0,0,0,0,0,0,0,0,0,0,734793.1012,4097214.382
LLN_185,175,LLN,LLN_185_0_0,0,Khazna 2,0,0,0,0,0,0,0,0,0,0,0,0,2.25,0,0,0,0,0,0,0,0,0,0,0,0,0,721846.0365,4085608.181
LLN_186,75,LLN,LLN_186_0_0,45.9716926051,Farfara,0,176,176,0,0,176,0,176,0,176,0,0,176,0,176,0,0,176,0,0,0,0,0,0,0,0,707967.0257,4077806.9197
LLN_187,34,LLN,LLN_187_0_0,1.06771618438,Doueitch,0.24,0.24,0,0,0,0.24,0,0.24,0,0,0,0,0,0,0,0,0,0.24,0,0,0,0,0,0,0,0,708528.0953,4074804.5872
LLN_189,28,LLN,LLN_189_0_0,14.5584270135,Ahmed,2.25,0,2.25,0,0,2.25,0,2.25,0,0,0,0,2.25,0,0,0,0,0,0,0,0,0,0,0,0,0,709528.3978,4081186.7071
LLN_19,176,LLN,LLN_19_0_0,0,#N/A,0,0,0,0,0,0,0,0,0,0,0,0,0.0001,0,0,0,0,0,0,0,0,0,0,0,0,0,721885.9912,4085552.2445
LLN_190,126,LLN,LLN_190_0_0,0,Abu Tuwain,0,0,0,0,0,0,0,0,0,0,0,0,1.5,0,0,0,0,0,0,0,0,0,0,0,0,0,712202.1508,4078577.9061
LLN_193,76,LLN,LLN_193_0_0,7.62836480011,#N/A,0,0,0,0,0,0,0,0,0,0,0,0,0.7501,0,0.7501,0,0,0,0,0,0,0,0,0,0,0,707089.3356,4081101.9638
LLN_196,77,LLN,LLN_196_0_0,3.7189005736,Shalumiyah,0,3.99,0,0,0,0,0,0,0,0,0,0,3.99,0,0,0,0,0,0,0,0,0,0,0,0,0,727157.1651,4105021.508
LLN_197,102,LLN,LLN_197_0_0,3.14538169577,Mezgaft,0,0,0,0,0,0,0,0,0,0,0,0,0.7,0,0,0,0,0,0,0,0,0,0,0,0,0,732557.541,4108018.6473
LLN_198,127,LLN,LLN_198_0_0,0,Qubik,0,0,1.76,0,0,1.76,0,1.76,0,0,0,0,1.76,0,0,0,0,0,0,0,0,0,0,0,0,0,733707.9775,4106932.6972
LLN_2,128,LLN,LLN_2_0_0,0,Qiru,0,0,0,0,0,2.04,0,2.04,0,2.04,0,0,2.04,0,0,0,0,0,0,0,0,0,0,0,0,0,718786.7053,4098050.2512
LLN_20,4,LLN,LLN_20_0_0,2.88425115353,Gir Sheyran,0,3.84,3.84,0,0,3.84,0,0,0,0,0,0,3.84,0,0,0,0,0,0,0,0,0,0,0,0,0,724734.5018,4098670.5759
LLN_200,130,LLN,LLN_200_0_0,0,#N/A,0,0,0,0,0,0,0,0,0,0,0,0,0,0,0,0,0,0,0,0,0,0,0,0,0,0,716174.8991,4056778.0434
LLN_201,129,LLN,LLN_201_0_0,0,Hansa,0,0,0,0,0,0,0,32.5,0,32.5,0,0,32.5,0,32.5,0,0,0,0,0,0,0,0,0,0,0,716082.2948,4055296.3737
LLN_203,7,LLN,LLN_203_0_0,0,Khzeimok,0,0,0,0,0,0,0,0,0,0,0,0,1.4,0,0,0,0,0,0,0,0,0,0,0,0,0,730064.7513,4102936.3935
LLN_204,131,LLN,LLN_204_0_0,0,#N/A,0,0,0,0,0,0,0,0,0,0,0,0,0,0,0,0,0,0,0,0,0,0,0,0,0,0,728028.6078,4056712.6569
LLN_206,107,LLN,LLN_206_0_0,0,Ahwain,0,0,0,0,0,0,0,6,0,0,0,0,0,0,0,0,0,0,0,0,0,0,0,0,0,0,729515.4079,4054535.038
LLN_208,177,LLN,LLN_208_0_0,0,Farhan er-Rashid,0,0,0,0,0,0,0,0,0,0,0,0,0,0,2.1,0,0,0,0,0,0,0,0,0,0,0,721945.9231,4085496.308
LLN_209,90,LLN,LLN_209_0_0,0,#N/A,0,0,0,0,0,0,0,0,0,0,0,0,0,0,0,0,0,0,0,0,0,0,0,0,0,0,731032.9688,4055500.3039
LLN_210,106,LLN,LLN_210_0_0,0,Umm et-Tlal,0,0,0,0,0,0,0,0,0,0,0,0,17.16,0,0,0,0,0,0,0,0,0,0,0,0,0,728294.9801,4056306.1251
LLN_212,48,LLN,LLN_212_0_0,44.1004760286,al-Andalus,0,0,0,0,0,0,0,0,0,0,0,0,64,0,64,0,0,64,0,0,0,0,0,0,0,0,733816.8245,4056171.4814
LLN_218,178,LLN,LLN_218_0_0,0,Qortoba Kabira,0,0,0,0,0,0,0,0,0,0,0,0,5.52,0,5.52,0,0,0,0,0,0,0,0,0,0,0,722033.8233,4085524.2763
LLN_219,108,LLN,LLN_219_0_0,0,D'ba'a,0,0,0,0,0,0,0,0,0,0,0,0,6.3,0,6.3,0,0,6.3,0,0,0,0,0,0,0,0,722053.459,4061806.0551
LLN_22,5,LLN,LLN_22_0_0,0,Gir Dahul,0,0,0,0,0,3.75,0,0,0,0,0,0,3.75,0,0,0,0,0,0,0,0,0,0,0,0,0,724903.3954,4100430.5682
LLN_220,45,LLN,LLN_220_0_0,0,Abra,0,0.6,0.6,0,0,0,0,0,0,0,0,0,0,0,0,0,0,0,0,0,0,0,0,0,0,0,726591.9388,4067088.1463
LLN_221,46,LLN,LLN_221_0_0,0,Abu Zayyan,0,0,0,0,0,0,0,0,0,0,0,0,1.05,0,0,0,0,0,0,0,0,0,0,0,0,0,726927.5725,4066516.1305
LLN_223,47,LLN,LLN_223_0_0,16.5221273385,Sultan et-Tellul,0,7.8,0,0,0,0,0,7.8,0,0,0,0,7.8,0,7.8,0,0,7.8,0,0,0,0,0,0,0,0,730368.3696,4063486.1668
LLN_225,78,LLN,LLN_225_0_0,0,Sagar East,0,0,0,0,0,0,0,0,0,0,0,0,9.72,0,9.72,0,0,9.72,0,0,0,0,0,0,0,0,732817.7488,4066907.9868
LLN_226,132,LLN,LLN_226_0_0,0,Haman,0,0,0,0,0,0,0,0,0,0,0,0,1.3,0,0,0,0,0,0,0,0,0,0,0,0,0,733087.1092,4064864.2167
LLN_227,110,LLN,LLN_227_0_0,7.02413008068,Bouwaitikh,0,0,0,0,0,0,0,0,0,0,0,0,5.7,0,0,0,0,0,0,0,0,0,0,0,0,0,734339.3726,4071857.3642
LLN_228,200,LLN,LLN_228_0_0,0,#N/A,0,0,0,0,0,0,0,0,0,0,0,0,0,0,0,0,0,0,0,0,0,0,0,0,0,0,722143.117,4085775.9304
LLN_231,109,LLN,LLN_231_0_0,0,Aweinat ibn Harshan,0,0,0,0,0,0,0,0,0,0,0,0,11.04,0,0,0,0,11.04,0,0,0,0,0,0,0,0,718243.8019,4060630.3297
LLN_233,79,LLN,LLN_233_0_0,0,Aweinat ibn Harshan 3,0,0,0,0,0,0,0,0,0,0,0,0,4.84,0,0,0,0,0,0,0,0,0,0,0,0,0,716787.8421,4060936.3149
LLN_236,40,LLN,LLN_236_0_0,2.3845510714,Bouwaitikh North,0,0,0,0,0,0,0,0,0,0,0,0,1.1,0,0,0,0,0,0,0,0,0,0,0,0,0,734287.4636,4073858.9174
LLN_237,80,LLN,LLN_237_0_0,9.80143427778,Zahara,0,0,0,0,0,0,0,0,0,0,0,0,14.8,0,0,0,0,0,0,0,0,0,0,0,0,0,714914.316,4052610.779
LLN_238,104,LLN,LLN_238_0_0,0,Dabagh,0,0,0,0,0,9.45,0,9.45,0,0,0,0,9.45,0,0,0,0,0,0,0,0,0,0,0,0,0,712748.6811,4055071.375
LLN_24,133,LLN,LLN_24_0_0,0,#N/A,0,0,0,0,0,0,0,0,0,0,0,0,0.0001,0,0,0,0,0,0,0,0,0,0,0,0,0,714493.3719,4067350.1414
LLN_240,103,LLN,LLN_240_0_0,0,Taif,0,0,0,0,0,0,0,0,0,0,0,0,7.29,0,0,0,0,0,0,0,0,0,0,0,0,0,712092.1453,4054939.6447
LLN_241,81,LLN,LLN_241_0_0,7.44048887847,Dumdum,0,0,0,0,0,27.52537772,0,27.52537772,0,0,0,0,27.52537772,0,27.52537772,0,0,27.52537772,0,0,0,0,0,0,0,0,706722.1879,4053281.154
LLN_245,42,LLN,LLN_245_0_0,2.62669315069,Gibsi,0,0,0,0,0,0,0,0.405,0,0,0,0,0.405,0,0,0,0,0.405,0,0,0,0,0,0,0,0,712801.8133,4065980.0827
LLN_246,41,LLN,LLN_246_0_0,0,#N/A,0,0,0,0,0,0,0,0,0,0,0,0,0,0,0,0,0,0,0,0,0,0,0,0,0,0,712555.6507,4066484.6893
LLN_248,113,LLN,LLN_248_0_0,0,Gasi West,0,0,0,0,0,0,0,0,0,0,0,0,3.36,0,3.36,0,0,0,0,0,0,0,0,0,0,0,713324.8514,4064576.3173
LLN_249,179,LLN,LLN_249_0_0,0,Gasi,0,0,0,0,0,0,0,0,0,0,0,0,2.405,0,0,0,0,0,0,0,0,0,0,0,0,0,722085.7644,4085580.2128
LLN_25,134,LLN,LLN_25_0_0,0,Barham Qadim,0,0,0,0,0,5.45,0,0,0,0,0,0,5.45,0,0,0,0,0,0,0,0,0,0,0,0,0,724253.1637,4095957.3252
LLN_250,43,LLN,LLN_250_0_0,0,#N/A,0,0,0,0,0,0,0,0,0,0,0,0,0,0,0,0,0,0,0,0,0,0,0,0,0,0,714163.6574,4065689.5661
LLN_251,82,LLN,LLN_251_0_0,17.8917744753,Hamis,0,0,0,0,0,0,0,9.9,0,0,0,0,9.9,0,0,0,0,0,0,0,0,0,0,0,0,0,714217.9214,4070535.8954
LLN_254,136,LLN,LLN_254_0_0,0,Aweinat ibn Harshan 4,0,0,0,0,0,0,0,0,0,0,0,0,0,0,0,0,0,0,0,0,0,0,0,0,0,0,721276.6114,4061831.8205
LLN_255,135,LLN,LLN_255_0_0,0,Aweinat ibn Harshan 5,0,0,0,0,0,0,0,0,0,0,0,0,0.0001,0,0.0001,0,0,0,0,0,0,0,0,0,0,0,720675.3868,4061001.4775
LLN_256,137,LLN,LLN_256_0_0,0,Aweinat ibn Harshan 6,0,0,0,0,0,0,0,0,0,0,0,0,3,0,0,0,0,3,0,0,0,0,0,0,0,0,719611.7234,4061388.2642
LLN_257,31,LLN,LLN_257_0_0,0,Lazzaga,0,0,16.2,0,0,16.2,0,16.2,0,0,0,0,16.2,0,0,0,0,0,0,0,0,0,0,0,0,0,732114.2452,4084469.6918
LLN_261,114,LLN,LLN_261_0_0,0,Graga Fowqani,0,0,0,0,0,0,0,0,0,0,0,0,14.8,0,0,0,0,0,0,0,0,0,0,0,0,0,735238.3999,4082954.8782
LLN_264,38,LLN,LLN_264_0_0,18.3693381287,Abu Qadeir,6.25,0,6.25,0,0,6.25,0,6.25,0,6.25,0,0,6.25,0,0,0,0,0,0,0,0,0,0,0,0,0,737673.8578,4081954.8873
LLN_267,138,LLN,LLN_267_0_0,0,Hissu Ratla,0,0,0,0,0,0,0,0,0,0,0,0,1,0,0,0,0,0,0,0,0,0,0,0,0,0,739111.8191,4093192.6682
LLN_27,139,LLN,LLN_27_0_0,0,#N/A,0,0,0,0,0,0,0,0,0,0,0.0001,0,0.0001,0,0,0,0,0,0,0,0,0,0,0,0,0,734450.7486,4079593.0818
LLN_270,140,LLN,LLN_270_0_0,0,Tubiz,0,0,0,0,0,0,0,4.06,0,0,0,0,4.06,0,0,0,0,0,0,0,0,0,0,0,0,0,731508.2596,4079746.8855
LLN_271,83,LLN,LLN_271_0_0,2.39370430771,Abu Kabira West,0,0,0,0,0,0,0,0,0,0,0,0,0.95,0,0,0,0,0,0,0,0,0,0,0,0,0,732284.7724,4078740.2134
LLN_272,84,LLN,LLN_272_0_0,11.4537991383,#N/A,0,0,0,0,0,0,0,0.0001,0,0,0,0,0.0001,0,0.0001,0,0,0,0,0,0,0,0,0,0,0,733421.784,4078444.2742
LLN_273,36,LLN,LLN_273_0_0,7.39807906214,Tahin,0,0,0,0,0,8.32,0,8.32,0,0,0,0,8.32,0,0,0,0,0,0,0,0,0,0,0,0,0,728981.3292,4074340.6605
LLN_276,37,LLN,LLN_276_0_0,6.38209512253,Atwiyeh,0,0,0,0,0,0,0,0,0,0,0,0,5.51,0,0,0,0,0,0,0,0,0,0,0,0,0,730862.528,4076435.082
LLN_277,141,LLN,LLN_277_0_0,0,Hbeth,0,0,0,0,0,0,0,0,0,0,0,0,3.6,0,0,0,0,0,0,0,0,0,0,0,0,0,727536.1086,4075978.5604
LLN_279,85,LLN,LLN_279_0_0,13.550806447,Abtakh Fowqani,0,0,0,0,0,0,0,6,0,0,0,0,6,0,6,0,0,6,0,0,0,0,0,0,0,0,725736.4474,4077364.3441
LLN_28,180,LLN,LLN_28_0_0,0,#N/A,0,0,0,0,0,0,0,0,0,0,0,0,0.0001,0,0,0,0,0,0,0,0,0,0,0,0,0,722113.7326,4085644.1402
LLN_280,86,LLN,LLN_280_0_0,0,Umm Adam,0,0,0,0,0,0,0,0,0,0,0,0,18.24,0,0,0,0,0,0,0,0,0,0,0,0,0,736539.3816,4077850.4101
LLN_282,39,LLN,LLN_282_0_0,6.24998481053,#N/A,0,0,0,0,0,0,0,0,0,0,0,0,0.0001,0,0.0001,0,0,0,0,0,0,0,0,0,0,0,734092.7446,4075732.0785
LLN_283,112,LLN,LLN_283_0_0,0,Abu Batakh,0,0,0,0,0,0,0,0,0,0,0,0,1.32,0,1.32,0,0,1.32,0,0,0,0,0,0,0,0,730465.1842,4073801.81
LLN_285,111,LLN,LLN_285_0_0,3.38942516553,Wadahiya,0,0,0,0,0,0,0,0,0,0,0,0,2.24,0,2.24,0,0,2.24,0,0,0,0,0,0,0,0,732535.6927,4074029.6903
LLN_292,33,LLN,LLN_292_0_0,13.4263234653,Aweinat el-Amrin 3,0,0,0,0,0,0,0,2.72,0,0,0,0,2.72,0,2.72,0,0,2.72,0,0,0,0,0,0,0,0,719424.4392,4079018.0852
LLN_293,142,LLN,LLN_293_0_0,0,Aweinat el-Amrin 4,0,0,0,0,0,0,0,0,0,0,0,0,2.125,0,2.125,0,0,0,0,0,0,0,0,0,0,0,714422.2346,4074506.9957
LLN_296,143,LLN,LLN_296_0_0,0,Abu Qbeir North,0,0,0,0,0,0,0,0,0,0,0,0,4.32,0,0,0,0,0,0,0,0,0,0,0,0,0,712383.9818,4073135.5787
LLN_3,8,LLN,LLN_3_0_0,0,Nasran,0,0,0,0,0,0,0,0,0,0,0,0,0.35,0,0,0,0,0,0,0,0,0,0,0,0,0,721413.8391,4099170.3426
LLN_301,35,LLN,LLN_301_0_0,0,Majjreinat North,0,0,0,0,0,0,0,0,0,0,0,0,0.817128235,0,0,0,0,0.817128235,0,0,0,0,0,0,0,0,715457.1842,4072094.3513
LLN_302,87,LLN,LLN_302_0_0,18.1955954009,Na'am Jallad,0,0,0,0,0,0,0,2.38,0,2.38,0,0,2.38,0,0,0,0,0,0,0,0,0,0,0,0,0,723219.3586,4071944.7147
LLN_307,115,LLN,LLN_307_0_0,0,Hassawiyah Tahtani,0,0,0,0,0,0,0,0.85,0,0,0,0,0.85,0,0,0,0,0.85,0,0,0,0,0,0,0,0,716712.7759,4073155.0375
LLN_308,144,LLN,LLN_308_0_0,0,Na'am Hayar,0,0,0,0,0,0,0,2.56,0,0,0,0,2.56,0,2.56,0,0,2.56,0,0,0,0,0,0,0,0,719515.0267,4071976.55
LLN_311,181,LLN,LLN_311_0_0,0,#N/A,0,0,0,0,0,0,0,0,0,0,0,0,0,0,0.0001,0,0,0,0,0,0,0,0,0,0,0,722133.7099,4085712.0631
LLN_313,182,LLN,LLN_313_0_0,0,Khuwaith al-Ri'aydat,0,0,0,0,0,0,0,0,0,0,0,0,0,0,0,0,0,3.08,0,0,0,0,0,0,0,0,722081.7689,4085795.9678
LLN_315,145,LLN,LLN_315_0_0,0,Qabbaniyat Awda,0,0,0,0,0,0,0,0,0,0,0,0,3.976078134,0,0,0,0,0,0,0,0,0,0,0,0,0,736485.293,4093539.9083
LLN_322,146,LLN,LLN_322_0_0,0,Outeldja,0,0,0.0001,0,0,0,0,0,0,0,0,0,0.0001,0,0,0,0,0,0,0,0,0,0,0,0,0,733536.0444,4107222.4877
LLN_323,147,LLN,LLN_323_0_0,0,Said,0,0,0,0,0,0,0,0,0,0,0,0,0.78539815,0,0,0,0,0,0,0,0,0,0,0,0,0,734841.4495,4109833.2979
LLN_33,183,LLN,LLN_33_0_0,0,#N/A,0,0,0,0,0,0,0,0,0,0,0.0001,0,0.0001,0,0,0,0,0,0,0,0,0,0,0,0,0,722025.8324,4085839.9179
LLN_330,149,LLN,LLN_330_0_0,0,Ziwan,0,0,0,0,0,0,0,0,0,0,0,0,0.950331762,0,0,0,0,0,0,0,0,0,0,0,0,0,707871.4098,4104470.8156
LLN_332,184,LLN,LLN_332_0_0,0,#N/A,0,0,0,0,0,0,0,0,0,0,0,0,0.0001,0,0,0,0,0,0,0,0,0,0,0,0,0,721965.9004,4085871.8817
LLN_335,150,LLN,LLN_335_0_0,0,Boutha,0,0,0,0,0,0,0,0.7,0,0,0,0,0.7,0,0,0,0,0,0,0,0,0,0,0,0,0,716428.9178,4059871.192
LLN_34,101,LLN,LLN_34_0_0,1.51611955407,Gir Margue,0,2.52,2.52,0,0,2.52,0,2.52,0,2.52,0,0,2.52,0,0,0,0,0,0,0,0,0,0,0,0,0,735718.9455,4098192.0107
LLN_340,207,LLN,LLN_340_1_0,5.57080872751,#N/A,0,0,0,0,0,0.0002,0,0.0001,0,0,0,0,0,0,0,0,0,0,0,0,0,0,0,0,0,0,698876.50835,4098394.1668
LLN_35,15,LLN,LLN_35_0_0,13.6561948198,Guirdem Halime,0,5,5,0,0,5,0,5,0,0,0,0,5,0,0,0,0,0,0,0,0,0,0,0,0,0,733297.1358,4101108.6419
LLN_36,185,LLN,LLN_36_0_0,0,#N/A,0,0,0,0.0001,0,0,0,0,0,0,0.0001,0,0.0001,0,0,0,0,0,0,0,0,0,0,0,0,0,721881.9957,4085819.9406
LLN_37,2,LLN,LLN_37_0_0,0,#N/A,0,0,0,0,0,0,0,0,0,0,0,0,0.0001,0,0,0,0,0,0,0,0,0,0,0,0,0,723768.8908,4095160.3848
LLN_38,186,LLN,LLN_38_0_0,0,#N/A,0,0,0,0.0001,0,0,0,0,0,0,0.0001,0,0.0001,0,0,0,0,0,0,0,0,0,0,0,0,0,721826.0592,4085791.9724
LLN_39,187,LLN,LLN_39_0_0,0,#N/A,0,0,0,0,0,0,0,0,0,0,0,0,0.0001,0,0,0,0,0,0,0,0,0,0,0,0,0,721802.0864,4085752.0177
LLN_40,188,LLN,LLN_40_0_0,0,#N/A,0,0,0,0,0,0,0,0,0,0,0,0,0.0001,0,0,0,0,0,0,0,0,0,0,0,0,0,721774.1182,4085692.0858
LLN_42,189,LLN,LLN_42_0_0,0,#N/A,0,0,0,0,0,0,0,0,0,0,0,0,0.0001,0,0,0,0,0,0,0,0,0,0,0,0,0,721810.0774,4085636.1493
LLN_43,190,LLN,LLN_43_0_0,0,#N/A,0,0,0,0,0,0,0,0,0,0,0,0,0.0001,0,0,0,0,0,0,0,0,0,0,0,0,0,721802.0864,4085584.2082
LLN_44,20,LLN,LLN_44_0_0,0,Mutu,0,0,0,0,0,4.1,0,0,0,0,0,0,4.1,0,0,0,0,0,0,0,0,0,0,0,0,0,721385.8056,4089265.0609
LLN_46,191,LLN,LLN_46_0_0,0,#N/A,0,0,0,0,0,0,0,0,0,0,0,0,0.0001,0,0,0,0,0,0,0,0,0,0,0,0,0,721834.0501,4085536.2627
LLN_47,21,LLN,LLN_47_0_0,3.66149231957,Hamara,0,2.04,2.04,0,0,2.04,0,0,0,0,0,0,2.04,0,0,0,0,0,0,0,0,0,0,0,0,0,721634.1165,4086708.9056
LLN_48,192,LLN,LLN_48_0_0,0,#N/A,0,0,0,0,0,0,0,0,0,0,0,0,0.0001,0,0,0,0,0,0,0,0,0,0,0,0,0,721878.0002,4085504.299
LLN_49,50,LLN,LLN_49_0_0,0,Qarassa,0,10.9,0,0,0,0,0,10.9,0,0,0,0,10.9,0,10.9,0,0,10.9,0,0,0,0,0,0,0,0,720576.4412,4078638.8408
LLN_50,193,LLN,LLN_50_0_0,0,#N/A,0,0,0,0,0,0,0,0,0,0,0,0,0.0001,0,0,0,0,0,0,0,0,0,0,0,0,0,722009.8506,4085484.3216
LLN_51,152,LLN,LLN_51_0_0,0,Qotba Tahtani,0,2.25,2.25,0,0,2.25,0,0,0,0,0,0,2.25,0,0,0,0,0,0,0,0,0,0,0,0,0,719942.2424,4095237.0037
LLN_52,6,LLN,LLN_52_0_0,0,Aziz,0,2.5536,2.5536,0,0,2.5536,0,2.5536,0,0,0,0,2.5536,0,0,0,0,0,0,0,0,0,0,0,0,0,726356.4286,4101013.2091
LLN_54,51,LLN,LLN_54_0_0,14.2744210504,Abu Khazaf,0,6.8,0,6.8,0,0,0,6.8,0,0,0,0,6.8,0,0,0,0,0,0,0,0,0,0,0,0,0,716144.1041,4083231.2352
LLN_55,19,LLN,LLN_55_0_0,9.65146908422,Mohammed Diyab,43,0,43,0,0,43,0,43,0,43,0,0,43,0,43,0,0,43,0,0,0,0,0,0,0,0,728393.4121,4089588.6093
LLN_57,194,LLN,LLN_57_0_0,0,#N/A,0,0,0,0,0,0,0,0,0,0,0,0,0.0001,0,0,0,0,0,0,0,0,0,0,0,0,0,722081.7689,4085520.2808
LLN_58,151,LLN,LLN_58_0_0,0,Zahara Saghira,0,0,0,0,0,0,0,0,0,0,0,0,5.85,0,0,0,0,0,0,0,0,0,0,0,0,0,715476.4159,4050399.0897
LLN_59,25,LLN,LLN_59_0_0,7.82574944625,#N/A,0.0001,0,0.0001,0,0,0.0001,0,0.0001,0,0,0,0,0.0001,0,0,0,0,0,0,0,0,0,0,0,0,0,712485.7021,4085005.0733
LLN_60,32,LLN,LLN_60_0_0,30.0791529441,Abu Farah,6.38,0,6.38,0,0,6.38,0,6.38,0,6.38,0,0,6.38,0,0,0,0,0,0,0,0,0,0,0,0,0,733890.5264,4086178.6153
LLN_61,153,LLN,LLN_61_0_0,10.6077530142,Abu Hajjeira,0,0,0,0,0,0,0,3.042,0,0,0,0,3.042,0,0,0,0,0,0,0,0,0,0,0,0,0,736090.3657,4088672.1338
LLN_62,18,LLN,LLN_62_0_0,2.47234100155,Nabua,0,0,0,0,0,1.767145838,0,0,0,0,0,0,1.767145838,0,0,0,0,1.767145838,0,0,0,0,0,0,0,0,730930.56,4092465.965
LLN_63,52,LLN,LLN_63_0_0,0,Wulayqi Thirthar,0,0,0,0,0,2,0,2,0,0,0,0,2,0,0,0,0,0,0,0,0,0,0,0,0,0,726726.6898,4091212.1779
LLN_64,100,LLN,LLN_64_0_0,1.45757203091,Wulayqi West,0,0,0,0,0,0,0,0,0,0,0,0,5.25,0,0,0,0,0,0,0,0,0,0,0,0,0,733032.4947,4093063.0224
LLN_65,53,LLN,LLN_65_0_0,0,#N/A,0,0,0,0,0,0,0,0,0,0,0,0,0.0001,0,0,0,0,0,0,0,0,0,0,0,0,0,726640.1021,4088710.1451
LLN_66,195,LLN,LLN_66_0_0,0,Sufiyah,0,0,1,0,0,0,0,0,0,0,0,0,1,0,1,0,0,0,0,0,0,0,0,0,0,0,722153.6873,4085580.2128
LLN_67,196,LLN,LLN_67_0_0,0,#N/A,0,0,0,0,0,0,0,0,0,0,0,0,0.0001,0,0,0,0,0,0,0,0,0,0,0,0,0,722169.6691,4085644.1402
LLN_68,154,LLN,LLN_68_0_0,0,#N/A,0,0,0,0.5,0,0,0,0,0,0,0.5,0,0.5,0,0,0,0,0,0,0,0,0,0,0,0,0,723624.6354,4087689.7596
LLN_69,54,LLN,LLN_69_0_0,6.57876933137,#N/A,0,0,0.0001,0,0,0,0,0,0,0,0,0,0.0001,0,0.0001,0,0,0.0001,0,0,0,0,0,0,0,0,724291.5438,4081730.8732
LLN_7,197,LLN,LLN_7_0_0,0,#N/A,0,0,0,0,0,0,0,0,0,0,0,0,0.0001,0,0,0,0,0,0,0,0,0,0,0,0,0,722197.6374,4085708.0676
LLN_70,88,LLN,LLN_70_0_0,7.16653945623,#N/A,0,0,0,0,0,0,0,0,0,0,0,0,0.5,0,0,0,0,0,0,0,0,0,0,0,0,0,717281.9854,4097256.7691
LLN_71,155,LLN,LLN_71_0_0,0,#N/A,0,0,0,0,0,0,0,0,0,0,0,0,1.2,0,0,0,0,0,0,0,0,0,0,0,0,0,717673.2854,4097223.7432
LLN_72,198,LLN,LLN_72_0_0,0,#N/A,0,0,0,0,0,0,0,0,0,0,0,0,1.1,0,0,0,0,0,0,0,0,0,0,0,0,0,718040.6042,4099639.2927
LLN_73,157,LLN,LLN_73_0_0,0,Maharkan,0,0,0,0,0,0,0,0,0,0,0,0,4.14,0,0,0,0,0,0,0,0,0,0,0,0,0,723682.4409,4103612.1262
LLN_74,12,LLN,LLN_74_0_0,10.8328407119,Shair,4,0,4,0,0,4,0,4,0,4,0,0,4,0,4,0,0,4,0,0,0,0,0,0,0,0,716612.5214,4103496.6251
LLN_75,158,LLN,LLN_75_0_0,9.25229572764,#N/A,0,0,0,0,0,0,0,0,0,0,0,0,0.5,0,0,0,0,0,0,0,0,0,0,0,0,0,717522.9286,4102538.974
LLN_76,55,LLN,LLN_76_0_0,8.67347731351,Jihan,0,0,0,2.2896,0,0,0,0,0,0,2.2896,0,2.2896,0,2.2896,0,0,2.2896,0,0,0,0,0,0,0,0,718066.6932,4105692.5711
LLN_77,159,LLN,LLN_77_0_0,0,#N/A,0,0,0,0.5,0,0,0,0,0,0,0.5,0,0.5,0,0,0,0,0,0,0,0,0,0,0,0,0,719768.9043,4096369.5119
LLN_78,56,LLN,LLN_78_0_0,0,Khirbet ed-Dib,0,0,0,0,0,0,0,0,0,0,0,0,0.78539815,0,0,0,0,0,0,0,0,0,0,0,0,0,719998.6693,4090394.7942
LLN_79,13,LLN,LLN_79_0_0,0,Bouair,0,0,0,0,0,0,0,0,0,0,0,0,0.48,0,0,0,0,0,0,0,0,0,0,0,0,0,714165.4329,4099607.5833
LLN_80,57,LLN,LLN_80_0_0,0,Khirbet Khalil,0,0,0,0,0,0,0,0,0,0,0,0,1,0,0,0,0,0,0,0,0,0,0,0,0,0,715257.3766,4098796.3708
LLN_81,58,LLN,LLN_81_0_0,0,Kharaydjka II,0,0,0,0,0,0,0,0,0,0,0,0,1,0,0,0,0,0,0,0,0,0,0,0,0,0,715243.5975,4096719.1401
LLN_82,199,LLN,LLN_82_0_0,0,Kharaydjka I,0,0,0,0,0,0,0,0,0,0,0,0,0.49,0,0,0,0,0,0,0,0,0,0,0,0,0,715262.9609,4096306.3652
LLN_83,59,LLN,LLN_83_0_0,3.89152099477,#N/A,0,0,0,0,0,0,0,0,0,0,0,0,0.25,0,0,0,0,0,0,0,0,0,0,0,0,0,715611.185,4096188.822
LLN_84,10,LLN,LLN_84_0_0,0,Gunduk,0,0,0,0,0,0.42,0,0.42,0,0,0,0,0.42,0,0,0,0,0,0,0,0,0,0,0,0,0,717659.6301,4095861.5676
LLN_85,61,LLN,LLN_85_0_0,0,Khazne,0,0,3.08,0,0,0,0,3.08,0,3.08,0,0,3.08,0,0,0,0,3.08,0,0,0,0,0,0,0,0,713551.484,4096774.5644
LLN_86,60,LLN,LLN_86_0_0,0,Dakshuriya,0,0,0,0,0,0,0,0,0,0,0,0,4.908738438,0,0,0,0,0,0,0,0,0,0,0,0,0,712435.5643,4101919.8162
LLN_87,62,LLN,LLN_87_0_0,0,Bazouna Kabira,0,0,0,5,0,0,0,0,0,0,5,0,5,0,0,0,0,0,0,0,0,0,0,0,0,0,731802.6239,4088159.7422
LLN_88,63,LLN,LLN_88_0_0,4.11551127444,Braish,0,0,0,0,0,0,0,0,0,0,0,0,3,0,0,0,0,0,0,0,0,0,0,0,0,0,708391.4743,4097100.6348
LLN_89,93,LLN,LLN_89_0_0,21.9935027102,Qabr Ahmad al Shim,0,0,0,0,0,0,0,0,0,0,0,0,0.2,0,0,0,0,0,0,0,0,0,0,0,0,0,708701.4135,4094411.5519
LLN_9,160,LLN,LLN_9_0_0,0,Rehaya 1,0,0,0,4.9875,0,0,0,0,0,0,4.9875,0,4.9875,0,0,0,0,0,0,0,0,0,0,0,0,0,724228.542,4094017.257
LLN_90,24,LLN,LLN_90_0_0,21.0349937926,Aid,20,0,20,0,0,20,0,20,0,20,0,0,20,0,20,0,0,20,0,0,0,0,0,0,0,0,707994.3335,4091549.1205
LLN_91,99,LLN,LLN_91_0_0,6.51529968848,El Aatchance,0,0,0,0,0,0,0,0,0,0,0,0,6.48,0,0,0,0,0,0,0,0,0,0,0,0,0,741051.8881,4098623.0791
LLN_92,64,LLN,LLN_92_0_0,2.8394821454,Nasr,0,0,9,0,0,0,0,0,0,0,0,0,9,0,0,0,0,9,0,0,0,0,0,0,0,0,711342.2589,4092273.8827
LLN_93,92,LLN,LLN_93_0_0,2.37035136142,Shibaniyat Dahham,0,0,0,0,0,0,0,0,0,0,0,0,2.55,0,0,0,0,0,0,0,0,0,0,0,0,0,709848.2977,4093482.885
LLN_94,66,LLN,LLN_94_0_0,4.73715527837,Amarin,0,0,0,0,0,0,0,0,0,0,0,0,0.91,0,0,0,0,0,0,0,0,0,0,0,0,0,711320.9486,4090289.1362
LLN_95,162,LLN,LLN_95_0_0,0,Hajji Kabir,0,0,0,0,0,0,0,0,0,0,0,0,0.36,0,0,0,0,0,0,0,0,0,0,0,0,0,711532.7499,4088786.9632
LLN_96,65,LLN,LLN_96_0_0,7.58134363098,Koubeiba,2.64,0,0,0,0,2.64,0,0,0,0,0,0,2.64,0,0,0,0,0,0,0,0,0,0,0,0,0,711985.8713,4088044.6113
LLN_97,161,LLN,LLN_97_0_0,0,Hajji Kabir 2,0,0,0,0,0,0,0,0,0,0,0,0,0.8,0,0,0,0,0,0,0,0,0,0,0,0,0,710891.3987,4087059.7597
NJS_1,380,NJS,NJS_1_0_0,0,#N/A,0,0,0,0,0,0,0,0,0,0,65.5001,0,65.5001,0,0,0,0,16.0001,0,0,0,0,0,0,0,0,794811.300267857,4071801.74049643
NJS_10,390,NJS,NJS_10_0_0,0,#N/A,0,0,0,2.4001,0,0,0,0,0,0,0,0,5.6001,0,0,0,0,1.1001,0,2.2001,0,0,0,0,0,0,799862.39835,4073578.7478
NJS_100,384,NJS,NJS_100_0_0,0,#N/A,0,0,0,0,0,0,0,0,0,0,0,0,0,0,0,0,0,0,0,0,0,0,0,0,0,0,796785.5831,4074261.8396
NJS_101,302,NJS,NJS_101_0_0,22.1042881022,#N/A,0,0,0,0,0,0,0,0,0,0,0,0,0,0,0,0,0,0,0,2.2001,0,0,0,0,0,0,780149.749,4072689.5917
NJS_102,303,NJS,NJS_102_0_0,0,Khirbet Hawas,0,0,0,0,0,0,0,0,0,0,0,0,0,0,0,0,0,0,0,0,0,0,0,0,0,0,784789.4022,4071071.9072
NJS_103,385,NJS,NJS_103_0_0,0,#N/A,0,0,0,0,0,0,0,0,0,0,0,0,0,0,0,0,0,0,0,0,0,0,0,0,0,0,797559.5853,4067384.2516
NJS_105,304,NJS,NJS_105_0_0,7.9341190002,#N/A,0,0,0,0,0,0,0,0,0,0,0,0,0,0,0,0,0,0.8001,0,1.5001,0,0,0,0,0,0,785351.11545,4068273.1869
NJS_107,305,NJS,NJS_107_0_0,0,#N/A,0,0,0,0,0,0,0,0,0,0,0,0,0,0,0,0,0,0,0,0,0,0,0,0,0,0,784937.621566667,4065936.5241
NJS_108,307,NJS,NJS_108_0_0,0,#N/A,0,0,0,0,0,0,0,0,0,0,0,0,0.5001,0,0,0,0,3.3001,0,3.3001,0,0,0,0,0,0,783415.964733333,4063290.37998333
NJS_109,306,NJS,NJS_109_0_0,0,#N/A,0,0,0,0,0,0,0,0,0,0,0,0,0,0,0,0,0,0,0,0.7001,0,0,0,0,0,0,786667.895966667,4065860.68956667
NJS_11,217,NJS,NJS_11_0_0,0,#N/A,0,0,0,0.7001,0,0,0,0,0,0,0,0,0,0,0,0,0,0,0,0.7001,0,0,0,0,0,0,798459.1738,4070510.21317143
NJS_110,309,NJS,NJS_110_0_0,0,#N/A,0,0,0,0,0,0,0,0,0,0,0,0,0,0,0,0,0,3.5001,0,4.6001,0,0,0,0,0,0,786549.031442857,4063297.09044286
NJS_111,308,NJS,NJS_111_0_0,0,#N/A,0,0,0,0,0,0,0,0,0,0,0,0,0,0,0,0,0,0,0,2.0001,0,0,0,0,0,0,789589.33185,4064686.89315
NJS_112,310,NJS,NJS_112_0_0,0,#N/A,0,0,0,0.0001,0,0,0,0,0,0,0,0,0,0,0,0,0,0,0,0,0,0,0,0,0,0,789054.113533333,4064060.53746667
NJS_113,311,NJS,NJS_113_0_0,0,#N/A,0,0,0,0,0,0,0,0,0,0,0,0,0,0,0,0,0,0,0,1.0001,0,0,0,0,0,0,788030.117275,4065637.96375
NJS_114,312,NJS,NJS_114_0_0,0,#N/A,0,0,0,0,0,0,0,0,0,0,0,0,0,0,0,0,0,0,0,0,0,0,0,0,0,0,787512.85125,4062777.756275
NJS_115,313,NJS,NJS_115_0_0,0,#N/A,0,0,0,0,0,0,0,0,0,0,0,0,1.0001,0,0,0,0,2.0001,0,2.0001,0,0,0,0,0,0,788572.65502,4062087.99188
NJS_116,314,NJS,NJS_116_0_0,0,#N/A,0,0,0,0,0,0,0,0,0,0,0,0,0,0,0,0,0,0,0,0,0,0,0,0,0,0,787168.3449,4065210.8944
NJS_117,315,NJS,NJS_117_0_0,0,#N/A,0,0,0,0,0,0,0,0,0,0,0,0,0,0,0,0,0,0,0,0,0,0,0,0,0,0,786210.8707,4062707.4311
NJS_118,316,NJS,NJS_118_0_0,0,#N/A,0,0,0,0,0,0,0,0,0,0,0,0,0,0,0,0,0,0,0,0,0,0,0,0,0,0,786884.4385,4061260.55803333
NJS_119,381,NJS,NJS_119_0_0,0,#N/A,0,0,0,0,0,0,0,0,0,0,0,0,0,0,0,0,0,0,0,0,0,0,0,0,0,0,796815.5247,4065608.94484
NJS_12,218,NJS,NJS_12_0_0,0,#N/A,0,0,0,3.0001,0,0,0,0,0,0,0,0,0,0,0,0,0,2.1001,0,2.1001,0,0,0,0,0,0,800016.385466667,4071508.79996667
NJS_120,317,NJS,NJS_120_0_0,0,#N/A,0,0,0,0,0,0,0,0,0,0,0,0,0,0,0,0,0,0,0,0,0,0,0,0,0,0,786828.1187,4064051.41633333
NJS_121,318,NJS,NJS_121_0_0,0,#N/A,0,0,0,0,0,0,0,0,0,0,0,0,1.0001,0,0,0,0,1.0001,0,1.0001,0,0,0,0,0,0.6001,789799.361375,4061875.998975
NJS_122,319,NJS,NJS_122_0_0,0,#N/A,0,0,0,0,0,0,0,0,0,0,0,0,0,0,0,0,0,0,0,0,0,0,0,0,0,0,790980.2497,4061251.1718
NJS_123,320,NJS,NJS_123_0_0,0,#N/A,0,0,0,0,0,0,0,0,0,0,0,0,0.8001,0,0,0,0,0,0,0,0,0,0,0,0,0,790009.3804,4059376.96433333
NJS_124,321,NJS,NJS_124_0_0,0,#N/A,0,0,0,0,0,0,0,0,0,0,0,0,0,0,0,0,0,0,0,0,0,0,0,0,0,0,788644.8736,4061287.7981
NJS_125,322,NJS,NJS_125_0_0,0,#N/A,0,0,0,0,0,0,0,0,0,0,0,0,0,0,0,0,0,0,0,0,0,0,0,0,0,0,792195.9118,4061534.1246
NJS_126,323,NJS,NJS_126_0_0,0,#N/A,0,0,0,0,0,0,0,0,0,0,0,0,1.0001,0,0,0,0,0.5001,0,0.5001,0,0,0,0,0,0,783921.835942857,4071451.33174286
NJS_127,324,NJS,NJS_127_0_0,42.5991255304,#N/A,0,0,0,5.0002,0,0,0,0,0,0,5.0003,0,5.0003,0,0,0,0,0,0,0,0,0,0,0,0,0,797428.27472,4063270.8198
NJS_128,325,NJS,NJS_128_0_0,0,#N/A,0,0,0,0,0,0,0,0,0,0,0,0,0,0,0,0,0,0,0,1.8,0,0,0,0,0,0,786624.4948,4075586.793
NJS_129,326,NJS,NJS_129_0_0,0,#N/A,0,0,0,0,0,0,0,0,0,0,0,0,0,0,0,0,0,0,0,0,0,0,0,0,0,0,783780.6849,4061093.171225
NJS_13,219,NJS,NJS_13_0_0,0,#N/A,0,0,0,1.3004,0,0,0,0,0,0,0,0,1.3003,0,0,0,0,0,0,0.0002,0,0,0,0,0,0,794864.00424,4068440.5601
NJS_130,327,NJS,NJS_130_0_0,0,#N/A,0,0,0,0,0,0,0,0,0,0,0,0,0,0,0,0,0,0,0,0.0002,0,0,0,0,0,0,785193.525266667,4073480.95126667
NJS_131,328,NJS,NJS_131_0_0,0,#N/A,0,0,0,0,0,0,0,0,0,0,0.9001,0,0.9001,0,0,0,0,0.5001,0,0.9001,0,0,0,0,0,0,783846.5652,4074229.2149
NJS_132,329,NJS,NJS_132_0_0,0,#N/A,0,0,0,0,0,0,0,0,0,0,0,0,1.1001,0,0,0,0,0,0,1.1001,0,0,0,0,0,0,784841.10324,4075631.06432
NJS_133,330,NJS,NJS_133_0_0,0,#N/A,0,0,0,0,0,0,0,0,0,0,0,0,0,0,0,0,0,0,0,0,0,0,0,0,0,0,784847.3593,4059384.8182
NJS_134,331,NJS,NJS_134_0_0,0,#N/A,0,0,0,0,0,0,0,0,0,0,0,0,0,0,0,0,0,0,0,0,0,0,0,0,0,0,785299.73525,4060326.763825
NJS_135,332,NJS,NJS_135_0_0,0,#N/A,0,0,0,0,0,0,0,0,0,0,0,0,0,0,0,0,0,0,0,2.3001,0,0,0,0,0,0,786699.57515,4059174.5928
NJS_136,333,NJS,NJS_136_0_0,6.84691034685,#N/A,0,0,0,0,0,0,0,0,0,0,0,0,2.1,0,0,0,0,0,0,0,0,0,0,0,0,0,784706.3633,4057924.4089
NJS_137,334,NJS,NJS_137_0_0,0,#N/A,0,0,0,1.44,0,0,0,0,0,0,0,0,0,0,0,0,0,0,0,0,0,0,0,0,0,0,780639.5815,4061680.6807
NJS_138,335,NJS,NJS_138_0_0,0,#N/A,0,0,0,0,0,0,0,0,0,0,0,0,0.5001,0,0,0,0,3.7001,0,3.7001,0,0,0,0,0,0,780738.14235,4060590.5283
NJS_139,336,NJS,NJS_139_0_0,0,#N/A,0,0,0,0,0,0,0,0,0,0,0,0,0,0,0,0,0,0,0,0,0,0,0,0,0,0,780517.856225,4062177.85495
NJS_14,220,NJS,NJS_14_0_0,0,#N/A,0,0,0,1.9001,0,0,0,0,0,0,0,0,3.6001,0,3.6001,0,0,0.7001,0,0.4001,0,0,0,0,0,0,795967.86714,4068447.5022
NJS_140,337,NJS,NJS_140_0_0,0,#N/A,0,0,0,0,0,0,0,0,0,0,1.0001,0,8.0001,0,0,0,0,3.5001,0,3.0001,0,0,0,0,0,0,781037.059114286,4064157.06055714
NJS_141,338,NJS,NJS_141_0_0,0,#N/A,0,0,0,0,0,0,0,0,0,0,0,0,0,0,0,0,0,0,0,0,0,0,0,0,0,0,781964.3009,4064813.9107
NJS_142,339,NJS,NJS_142_0_0,0,#N/A,0,0,0,0,0,0,0,0,0,0,0,0,0,0,0,0,0,0,0,1.3001,0,0,0,0,0,0,778726.89078,4065375.65456
NJS_143,340,NJS,NJS_143_0_0,0,#N/A,0,0,0,0,0,0,0,0,0,0,0,0,0,0,0,0,0,0,0,1.5001,0,0,0,0,0,0,780147.52261,4067139.17499
NJS_144,341,NJS,NJS_144_0_0,0,#N/A,0,0,0,0,0,0,0,0,0,0,0,0,0,0,0,0,0,0,0,0.7,0,0,0,0,0,0,778609.5035,4066899.6999
NJS_145,342,NJS,NJS_145_0_0,0,#N/A,0,0,0,1.0001,0,0,0,0,0,0,0,0,0,0,0,0,0,0,0,2.1001,0,0,0,0,0,0,776352.683416667,4066475.00328333
NJS_146,343,NJS,NJS_146_0_0,0,#N/A,0,0,0,0,0,0,0,0,0,0,0,0,0,0,0,0,0,0,0,1.3001,0,0,0,0,0,0,777416.14004,4063943.64764
NJS_147,344,NJS,NJS_147_0_0,0,#N/A,0,0,0,0,0,0,0,0,0,0,0,0,0,0,0,0,0,0,0,1.6001,0,0,0,0,0,0,780328.965433333,4068757.4566
NJS_148,345,NJS,NJS_148_0_0,0,#N/A,0,0,0,0,0,0,0,0,0,0,0,0,0,0,0,0,0,0,0,0,0,0,0,0,0,0,781361.9514,4069443.4593
NJS_149,346,NJS,NJS_149_0_0,0,#N/A,0,0,0,0,0,0,0,0,0,0,0,0,0,0,0,0,0,0,0,0,0,0,0,0,0,0,777988.3556,4070831.0818
NJS_15,221,NJS,NJS_15_0_0,0,#N/A,0,0,0,0,0,0,0,0,0,0,0,0,1.5001,0,0,0,0,0,0,0,0,0,0,0,0,0,797164.735475,4068545.5636
NJS_150,347,NJS,NJS_150_0_0,0,#N/A,0,0,0,0,0,0,0,0,0,0,0,0,0,0,0,0,0,0,0,0,0,0,0,0,0,0,778672.851633333,4071162.8924
NJS_151,348,NJS,NJS_151_0_0,0,#N/A,0,0,0,0,0,0,0,0,0,0,0,0,0,0,0,0,0,0,0,0,0,0,0,0,0,0,778898.3438,4072147.02883333
NJS_152,349,NJS,NJS_152_0_0,0,#N/A,0,0,0,0,0,0,0,0,0,0,0.5001,0,0,0,0,0,0,0,0,0,0,0,0,0,0,0,778185.033325,4073338.8266
NJS_153,350,NJS,NJS_153_0_0,0,#N/A,0,0,0,0,0,0,0,0,0,0,0,0,0,0,0,0,0,0,0,0,0,0,0,0,0,0,778483.0997,4074383.704075
NJS_154,351,NJS,NJS_154_0_0,0,#N/A,0,0,0,0,0,0,0,0,0,0,0,0,0.9001,0,0,0,0,0,0,0,0,0,0,0,0,0,779581.679175,4074575.758475
NJS_155,386,NJS,NJS_155_0_0,24.3911892721,#N/A,0,0,0,0,0,0,0,0,0,0,2.0001,0,2.4001,0,0,0,0,2.0001,0,1.0001,0,0,0,0,0,0,783598.987275,4077589.140125
NJS_156,389,NJS,NJS_156_0_0,27.3493444147,Rajim Hassan,0,0,0,0,0,0,0,0,0,0,0,0,0,0,0,0,0,0,0,0,0,0,0,0,0,0,774792.5874,4067820.5407
NJS_157,352,NJS,NJS_157_0_0,0,#N/A,0,0,0,0,0,0,0,0,0,0,0,0,0,0,0,0,0,1.2001,0,2.4001,0,0,0,0,0,0,776874.389928571,4072209.58221429
NJS_158,353,NJS,NJS_158_0_0,0,#N/A,0,0,0,0,0,0,0,0,0,0,0,0,0,0,0,0,0,0,0,0,0,0,0,0,0,0,776344.2909,4073159.1805
NJS_159,354,NJS,NJS_159_0_0,0,#N/A,0,0,0,0,0,0,0,0,0,0,0,0,0.7001,0,0,0,0,0,0,1.4001,0,0,0,0,0,0,775451.0526,4074132.2666
NJS_16,222,NJS,NJS_16_0_0,0,#N/A,0,0,0,0,0,0,0,0,0,0,0,0,0,0,0,0,0,0,0,0,0,0,0,0,0,0,797708.814733333,4067801.14983333
NJS_160,355,NJS,NJS_160_0_0,0,#N/A,0,0,0,0,0,0,0,0,0,0,0,0,1.6001,0,0,0,0,1.6001,0,0.7001,0,0,0,0,0,0,780883.346566667,4074584.1562
NJS_161,356,NJS,NJS_161_0_0,0,#N/A,0,0,0,0,0,0,0,0,0,0,0,0,0,0,0,0,0,0,0,0.5001,0,0,0,0,0,0,780944.095925,4073924.178825
NJS_162,357,NJS,NJS_162_0_0,10.9216364359,#N/A,0,0,0,0,0,0,0,0,0,0,0,0,0,0,0,0,0,0,0,0,0,0,0,0,0,0,777919.63488,4061966.9967
NJS_163,358,NJS,NJS_163_0_0,4.43110084719,#N/A,0,0,0,0,0,0,0,0,0,0,0,0,0,0,0,0,0,0,0,2.5001,0,0,0,0,0,0.8001,777242.643125,4060903.158075
NJS_164,359,NJS,NJS_164_0_0,0,#N/A,0,0,0,0,0,0,0,0,0,0,0,0,0,0,0,0,0,0,0,0,0,0,0,0,0,0,777880.7725,4060423.4261
NJS_165,360,NJS,NJS_165_0_0,2.52522804681,#N/A,0,0,0,0,0,0,0,0,0,0,0,0,0,0,0,0,0,0,0,1.3001,0,0,0,0,0,0,777394.988466667,4060118.32083333
NJS_166,361,NJS,NJS_166_0_0,0,#N/A,0,0,0,0,0,0,0,0,0,0,0,0,0,0,0,0,0,0,0,0,0,0,0,0,0,0,777063.145,4059045.9164
NJS_167,362,NJS,NJS_167_0_0,0,#N/A,0,0,0,0,0,0,0,0,0,0,0,0,0,0,0,0,0,0,0,0.4,0,0,0,0,0,0,778184.413,4059108.5787
NJS_168,363,NJS,NJS_168_0_0,0,#N/A,0,0,0,0,0,0,0,0,0,0,0,0,0,0,0,0,0,0,0,0,0,0,0,0,0,0,776357.4721,4074148.9701
NJS_169,364,NJS,NJS_169_0_0,0,#N/A,0,0,0,0,0,0,0,0,0,0,0,0,2.2001,0,0,0,0,0,0,0,0,0,0,0,0,0,775565.15735,4070569.11035
NJS_17,223,NJS,NJS_17_0_0,0,#N/A,0,0,0,0.0001,0,0,0,0,0,0,0,0,0,0,0,0,0,0,0,1.5001,0,0,0,0,0,0,791181.439166667,4071319.17046667
NJS_170,365,NJS,NJS_170_0_0,0,#N/A,0,0,0,0.5001,0,0,0,0,0,0,0,0,0,0,0,0,0,0,0,0,0,0,0,0,0,0,775770.691066667,4069093.91993333
NJS_171,366,NJS,NJS_171_0_0,0,#N/A,0,0,0,0,0,0,0,0,0,0,0,0,0,0,0,0,0,0,0,0,0,0,0,0,0,0,777676.8429,4068695.54535
NJS_172,367,NJS,NJS_172_0_0,0,#N/A,0,0,0,0,0,0,0,0,0,0,0,0,0,0,0,0,0,0,0,0,0,0,0,0,0,0,777754.479333333,4070141.38733333
NJS_173,368,NJS,NJS_173_0_0,0,#N/A,0,0,0,0,0,0,0,0,0,0,0,0,0,0,0,0,0,0,0,0,0,0,0,0,0,0,772960.7339,4070793.0867
NJS_174,371,NJS,NJS_174_0_0,0,#N/A,0,0,0,0,0,0,0,0,0,0,0,0,0,0,0,0,0,0,0,2.7001,0,0,0,0,0,0,772333.16978,4070161.94403
NJS_175,369,NJS,NJS_175_0_0,7.54028725698,#N/A,0,0,0,0,0,0,0,0,0,0,1.0001,0,1.0001,0,0,0,0,0,0,0.5001,0,0,0,0,0,0,774562.04775,4071957.0438
NJS_176,370,NJS,NJS_176_0_0,2.57888818065,#N/A,0,0,0,0,0,0,0,0,0,0,0,0,0,0,0,0,0,0,0,0,0,0,0,0,0,0,771289.8868,4068104.3643
NJS_177,372,NJS,NJS_177_0_0,11.9209810466,#N/A,0,0,0,1.0001,0,0,0,0,0,0,1.0001,0,0,0,0,0,0,0,0,0,0,0,0,0,0,0,769895.53535,4069181.34455
NJS_178,373,NJS,NJS_178_0_0,9.38110953883,#N/A,0,0,0,0,0,0,0,0,0,0,0,0,0,0,0,0,0,0,0,2.5001,0,0,0,0,0,0,772604.14324,4066644.55846
NJS_179,374,NJS,NJS_179_0_0,0,#N/A,0,0,0,0,0,0,0,0,0,0,0,0,0,0,0,0,0,0,0,0,0,0,0,0,0,0,773592.1384,4065892.29383333
NJS_18,224,NJS,NJS_18_0_0,0,#N/A,0,0,0,1.3001,0,0,0,0,0,0,0,0,1.3001,0,0,0,0,0,0,0.8001,0,0,0,0,0,0,791808.83315,4069835.8676
NJS_180,375,NJS,NJS_180_0_0,2.8477095528,#N/A,0,0,0,0,0,0,0,0,0,0,0,0,0,0,0,0,0,0,0,1.5001,0,0,0,0,0,1.5001,770263.9925,4064990.6776
NJS_181,376,NJS,NJS_181_0_0,0,#N/A,0,0,0,0,0,0,0,0,0,0,0,0,0,0,0,0,0,0,0,0,0,0,0,0,0,0,770735.191633333,4064099.59223333
NJS_182,377,NJS,NJS_182_0_0,0,#N/A,0,0,0,0,0,0,0,0,0,0,0,0,0,0,0,0,0,0,0,1.3001,0,0,0,0,0,1.3001,770925.7059,4063642.60073333
NJS_183,378,NJS,NJS_183_0_0,0,#N/A,0,0,0,0,0,0,0,0,0,0,0,0,0,0,0,0,0,0,0,0,0,0,0,0,0,0,772276.2578,4063913.2915
NJS_184,379,NJS,NJS_184_0_0,0,#N/A,0,0,0,0,0,0,0,0,0,0,0,0,0,0,0,0,0,0,0,0,0,0,0,0,0,0,773863.027533333,4064957.74826667
NJS_19,226,NJS,NJS_19_0_0,0,#N/A,0,0,0,3.5001,0,0,0,0,0,0,0,0,6.0001,0,0,0,0,2.5001,0,0.4001,0,0,0,0,0,0,791045.227818182,4069095.38090909
NJS_2,209,NJS,NJS_2_0_0,0,#N/A,0,0,0,2.7001,0,0,0,0,0,0,0,0,0,0,0,0,0,0,0,2.7001,0,0,0,0,0,0,792794.319025,4074381.519375
NJS_20,225,NJS,NJS_20_0_0,0,#N/A,0,0,0,0,0,0,0,0,0,0,2.8001,0,2.8001,0,0,0,0,1.1001,0,4.7001,0,0,0,0,0,0,792508.4716375,4068629.8385
NJS_21,227,NJS,NJS_21_0_0,0,Ginnig,0,0,0,0,0,0,0,0,0,0,0,0,0,0,0,0,0,0,0,0,0,0,0,0,0,0,794539.1715,4067997.0584
NJS_22,228,NJS,NJS_22_0_0,0,#N/A,0,0,0,0,0,0,0,0,0,0,0,0,1.6001,0,0,0,0,0.4001,0,0,0,0,0,0,0,0,797854.140066667,4069233.74803333
NJS_23,229,NJS,NJS_23_0_0,3.97693367986,#N/A,0,0,0,5.0001,0,0,0,0,0,0,0,0,5.0001,0,0,0,0,0,0,0,0,0,0,0,0,0,799319.374133333,4068567.47576667
NJS_24,230,NJS,NJS_24_0_0,0,#N/A,0,0,0,0,0,0,0,0,0,0,0,0,0,0,0,0,0,0,0,1.2001,0,0,0,0,0,0,799091.878175,4068181.1086
NJS_25,231,NJS,NJS_25_0_0,1.93597777325,#N/A,0,0,0,0,0,0,0,0,0,0,0,0,0,0,0,0,0,0,0,0,0,0,0,0,0,0,800401.458766667,4069267.24826667
NJS_26,232,NJS,NJS_26_0_0,6.98562779666,#N/A,0,0,0,0.0001,0,0,0,0,0,0,0,0,0,0,0,0,0,0,0,0,0,0,0,0,0,0,800290.2181,4067313.52875
NJS_27,233,NJS,NJS_27_0_0,0,#N/A,0,0,0,0,0,0,0,0,0,0,0,0,0,0,0,0,0,0,0,0,0,0,0,0,0,0,798817.2014,4067544.1801
NJS_28,234,NJS,NJS_28_0_0,0,#N/A,0,0,0,4.8001,0,0,0,0,0,0,0,0,0,0,0,0,0,0,0,0,0,0,0,0,0,0,791066.816166667,4072602.05493333
NJS_29,235,NJS,NJS_29_0_0,0,#N/A,0,0,0,8.9001,0,0,0,0,0,0,8.9001,0,8.9002,0,0,0,0,0.0003,0,0.0003,0,0,0,0,0,0,790366.5326,4073810.72766
NJS_3,210,NJS,NJS_3_0_0,0,#N/A,0,0,0,0,0,0,0,0,0,0,0,0,0,0,0,0,0,0,0,3.8001,0,0,0,0,0,0,796214.681725,4069877.112775
NJS_30,236,NJS,NJS_30_0_0,0,#N/A,0,0,0,4.3001,0,0,0,0,0,0,0,0,3.4001,0,0,0,0,0.6001,0,1.3001,0,0,0,0,0,0,789206.028933333,4074918.67673333
NJS_31,388,NJS,NJS_31_0_0,0,#N/A,0,0,0,0,0,0,0,0,0,0,0,0,0,0,0,0,0,0,0,0,0,0,0,0,0,0,786706.6309,4077697.2131
NJS_32,237,NJS,NJS_32_0_0,0,#N/A,0,0,0,0,0,0,0,0,0,0,0,0,0,0,0,0,0,0,0,0,0,0,0,0,0,0,786420.635625,4076308.00895
NJS_33,238,NJS,NJS_33_0_0,0,#N/A,0,0,0,0,0,0,0,0,0,0,0,0,0,0,0,0,0,0,0,0,0,0,0,0,0,0,791475.866,4073245.1925
NJS_34,239,NJS,NJS_34_0_0,3.280480234,#N/A,0,0,0,0,0,0,0,0,0,0,0,0,0,0,0,0,0,0,0,0,0,0,0,0,0,0,800653.641,4068062.8634
NJS_35,240,NJS,NJS_35_0_0,0,#N/A,0,0,0,0.0002,0,0,0,0,0,0,0,0,0,0,0,0,0,0,0,1.8002,0,0,0,0,0,0,801746.6923,4067935.04305
NJS_36,382,NJS,NJS_36_0_0,6.98562779666,#N/A,0,0,0,0,0,0,0,0,0,0,0,0,0,0,0,0,0,0,0,0,0,0,0,0,0,0,800121.3449,4067494.9639
NJS_37,241,NJS,NJS_37_0_0,18.5198307036,#N/A,0,0,0,1.5,0,0,0,0,0,0,0,0,0.7,0,0,0,0,1.7001,0,0.5001,0,0,0,0,0,0,803390.74525,4072279.2036875
NJS_38,242,NJS,NJS_38_0_0,0,#N/A,0,0,0,0,0,0,0,0,0,0,0,0,0,0,0,0,0,0,0,1.0001,0,0,0,0,0,0,801911.2718,4071801.0251
NJS_39,243,NJS,NJS_39_0_0,0,#N/A,0,0,0,1.5002,0,0,0,0,0,0,0,0,0.0002,0,0,0,0,0.0002,0,0,0,0,0,0,0,0,803819.48418,4071087.5743
NJS_4,211,NJS,NJS_4_0_0,0,#N/A,0,0,0,0,0,0,0,0,0,0,0,0,0,0,0,0,0,0,0,0,0,0,0,0,0,0,793891.346766667,4070373.51623333
NJS_40,244,NJS,NJS_40_0_0,0,#N/A,0,0,0,0.5001,0,0,0,0,0,0,1.9001,0,0,0,0,0,0,0,0,0.5001,0,0,0,0,0,0,805213.149466667,4071386.20273333
NJS_41,245,NJS,NJS_41_0_0,0,#N/A,0,0,0,0,0,0,0,0,0,0,0,0,0,0,0,0,0,0,0,0,0,0,0,0,0,0,803697.2345,4070259.6236
NJS_42,246,NJS,NJS_42_0_0,0,#N/A,0,0,0,4.1001,0,0,0,0,0,0,2.5001,0,6.0001,0,0.7001,0,0,0.7001,0,3.0001,0,0,0,0,0,0,802952.587109091,4069857.60347273
NJS_43,247,NJS,NJS_43_0_0,25.9107114655,#N/A,0,0,0,0,0,0,0,0,0,0,17.3001,0,18.6001,0,0,0,0,4.2001,0,0.2001,0,0,0,0,0,0,808136.273488889,4070580.42984444
NJS_44,248,NJS,NJS_44_0_0,0,#N/A,0,0,0,1.1001,0,0,0,0,0,0,0,0,0,0,0,0,0,0,0,1.1001,0,0,0,0,0,0,801320.373375,4065588.185275
NJS_45,249,NJS,NJS_45_0_0,0,#N/A,0,0,0,1.3001,0,0,0,0,0,0,0,0,2.5001,0,0,0,0,0.6001,0,0.6001,0,0,0,0,0,0,802343.4290875,4066882.07135
NJS_46,250,NJS,NJS_46_0_0,0,#N/A,0,0,0,0,0,0,0,0,0,0,0,0,0,0,0,0,0,0,0,0,0,0,0,0,0,0,800462.8423,4065560.1722
NJS_47,251,NJS,NJS_47_0_0,0,#N/A,0,0,0,0,0,0,0,0,0,0,0,0,0,0,0,0,0,0,0,0,0,0,0,0,0,0,799947.515866667,4065285.07283333
NJS_48,252,NJS,NJS_48_0_0,0,#N/A,0,0,0,22.9001,0,0,0,0,0,0,3.2001,0,22.5001,0,0,0,0,1.7001,0,18.9001,0,0,0,0,0,0,805011.2048,4069271.0296375
NJS_49,254,NJS,NJS_49_0_0,0,#N/A,0,0,0,1.9001,0,0,0,0,0,0,0,0,0,0,0,0,0,0,0,0,0,0,0,0,0,0,804969.776575,4068147.381675
NJS_5,212,NJS,NJS_5_0_0,0,#N/A,0,0,0,1.3001,0,0,0,0,0,0,0,0,0,0,0,0,0,0,0,0.7001,0,0,0,0,0,0,798462.13866,4072529.49216
NJS_50,255,NJS,NJS_50_0_0,0,#N/A,0,0,0,1.6001,0,0,0,0,0,0,0,0,0,0,0,0,0,0,0,0.8001,0,0,0,0,0,0,803735.7356,4068091.177775
NJS_51,256,NJS,NJS_51_0_0,0,#N/A,0,0,0,0,0,0,0,0,0,0,0,0,0,0,0,0,0,2.9001,0,1.0001,0,0,0,0,0,0,804731.12385,4067131.00995
NJS_52,257,NJS,NJS_52_0_0,0,#N/A,0,0,0,0,0,0,0,0,0,0,0.8001,0,0,0,0,0,0,0,0,0.6001,0,0,0,0,0,0,806209.42758,4067419.856
NJS_53,258,NJS,NJS_53_0_0,0,#N/A,0,0,0,0,0,0,0,0,0,0,0,0,0,0,0,0,0,0,0,0,0,0,0,0,0,0,805995.506,4066910.996
NJS_54,253,NJS,NJS_54_0_0,0,#N/A,0,0,0,0,0,0,0,0,0,0,1.3001,0,0,0,0,0,0,0,0,0,0,0,0,0,0,0,805742.62624,4068861.90952
NJS_55,259,NJS,NJS_55_0_0,0,#N/A,0,0,0,0.0001,0,0,0,0,0,0,0,0,0,0,0,0,0,0,0,0,0,0,0,0,0,0,806295.141533333,4068710.879
NJS_56,260,NJS,NJS_56_0_0,0,#N/A,0,0,0,0,0,0,0,0,0,0,0,0,0,0,0,0,0,0,0,0,0,0,0,0,0,0,809134.388033333,4068037.53053333
NJS_57,261,NJS,NJS_57_0_0,0,#N/A,0,0,0,1.3001,0,0,0,0,0,0,0.9001,0,0,0,0,0,0,0.9001,0,0.9001,0,0,0,0,0,0,807742.147933333,4069547.06603333
NJS_58,262,NJS,NJS_58_0_0,0,#N/A,0,0,0,9.9001,0,0,0,0,0,0,0.4001,0,0.3001,0,0,0,0,0,0,2.5001,0,0,0,0,0,0,799045.973933333,4065838.78326667
NJS_59,263,NJS,NJS_59_0_0,0,#N/A,0,0,0,0,0,0,0,0,0,0,0,0,0,0,0,0,0,0,0,1,0,0,0,0,0,0,797421.5011,4065575.1507
NJS_6,213,NJS,NJS_6_0_0,0,#N/A,0,0,0,0,0,0,0,0,0,0,0,0,0,0,0,0,0,0,0,0,0,0,0,0,0,0,795059.924866667,4070085.83956667
NJS_60,264,NJS,NJS_60_0_0,0,#N/A,0,0,0,7.9001,0,0,0,0,0,0,0,0,0,0,0,0,0,0,0,0.7001,0,0,0,0,0,0,795941.742725,4065839.778375
NJS_61,265,NJS,NJS_61_0_0,0,#N/A,0,0,0,1.0001,0,0,0,0,0,0,0,0,0,0,0,0,0,0,0,1.0001,0,0,0,0,0,0,795219.7519,4066536.4173
NJS_62,266,NJS,NJS_62_0_0,0,#N/A,0,0,0,0,0,0,0,0,0,0,0,0,0,0,0,0,0,0,0,0,0,0,0,0,0,0,794476.453325,4065161.020475
NJS_63,267,NJS,NJS_63_0_0,1.67623516466,#N/A,0,0,0,0,0,0,0,0,0,0,0,0,0,0,0,0,0,0,0,1.2001,0,0,0,0,0,0,792912.5622,4065183.8181
NJS_64,268,NJS,NJS_64_0_0,0,#N/A,0,0,0,0,0,0,0,0,0,0,0,0,0,0,0,0,0,0,0,0,0,0,0,0,0,0,791534.0117,4065443.4641
NJS_65,269,NJS,NJS_65_0_0,0,#N/A,0,0,0,0,0,0,0,0,0,0,0,0,0,0,0,0,0,0,0,0,0,0,0,0,0,0,792436.1772,4066698.97046667
NJS_66,270,NJS,NJS_66_0_0,0,#N/A,0,0,0,0,0,0,0,0,0,0,0,0,0,0,0,0,0,0,0,0,0,0,0,0,0,0,793809.0808,4064237.257275
NJS_67,271,NJS,NJS_67_0_0,0,#N/A,0,0,0,0,0,0,0,0,0,0,0,0,0,0,0,0,0,0,0,0,0,0,0,0,0,0,791589.32564,4063978.23489
NJS_68,272,NJS,NJS_68_0_0,0,#N/A,0,0,0,0,0,0,0,0,0,0,0,0,0,0,0,0,0,0,0,0,0,0,0,0,0,0,792430.84,4063232.8073
NJS_69,273,NJS,NJS_69_0_0,0,#N/A,0,0,0,0,0,0,0,0,0,0,0,0,0,0,0,0,0,0.8001,0,0.8001,0,0,0,0,0,0,793720.08656,4063013.58106
NJS_7,214,NJS,NJS_7_0_0,0,#N/A,0,0,0,0.4001,0,0,0,0,0,0,0,0,0,0,0,0,0,0,0,0,0,0,0,0,0,0,794069.146675,4071086.079325
NJS_70,274,NJS,NJS_70_0_0,0,#N/A,0,0,0,0,0,0,0,0,0,0,0,0,0,0,0,0,0,0,0,0,0,0,0,0,0,0,791230.1439,4065807.81373333
NJS_71,275,NJS,NJS_71_0_0,0,#N/A,0,0,0,0,0,0,0,0,0,0,5.0001,0,5.6001,0,5.6001,0,0,5.6001,0,0,0,0,0,0,0,0,788349.95438,4069249.49406
NJS_72,276,NJS,NJS_72_0_0,0,#N/A,0,0,0,1.0001,0,0,0,0,0,0,0,0,0,0,0,0,0,0,0,0,0,0,0,0,0,0,789593.477325,4075506.448275
NJS_73,277,NJS,NJS_73_0_0,0,#N/A,0,0,0,0,0,0,0,0,0,0,0,0,1.5001,0,0,0,0,1.5001,0,2.3001,0,0,0,0,0,0,789214.4367,4076534.1259
NJS_74,278,NJS,NJS_74_0_0,0,#N/A,0,0,0,0,0,0,0,0,0,0,0,0,2.0001,0,0,0,0,0,0,1.0001,0,0,0,0,0,0,786919.18424,4069467.02312
NJS_75,279,NJS,NJS_75_0_0,0,#N/A,0,0,0,0,0,0,0,0,0,0,0,0,0,0,0,0,0,0,0,0,0,0,0,0,0,0,787098.562075,4070045.0133
NJS_76,280,NJS,NJS_76_0_0,0,#N/A,0,0,0,0,0,0,0,0,0,0,0.5001,0,0,0,0,0,0,0,0,1.0001,0,0,0,0,0,0,786231.43364,4070174.14284
NJS_77,281,NJS,NJS_77_0_0,0,#N/A,0,0,0,0,0,0,0,0,0,0,0,0,0,0,0,0,0,0,0,0,0,0,0,0,0,0,790988.0667,4076154.3441
NJS_78,282,NJS,NJS_78_0_0,0,#N/A,0,0,0,0,0,0,0,0,0,0,0,0,0,0,0,0,0,0,0,0,0,0,0,0,0,0,789607.005966667,4073053.65816667
NJS_79,283,NJS,NJS_79_0_0,0,#N/A,0,0,0,0,0,0,0,0,0,0,0,0,0,0,0,0,0,0,0,2.3001,0,0,0,0,0,0,788506.505,4071915.31676667
NJS_8,215,NJS,NJS_8_0_0,0,#N/A,0,0,0,0,0,0,0,0,0,0,0,0,0,0,0,0,0,0,0,0,0,0,0,0,0,0,795799.090633333,4072892.79693333
NJS_80,284,NJS,NJS_80_0_0,0,#N/A,0,0,0,0.6001,0,0,0,0,0,0,0,0,0,0,0,0,0,0,0,0.6001,0,0,0,0,0,0,787446.558875,4072342.076175
NJS_81,285,NJS,NJS_81_0_0,0,#N/A,0,0,0,0,0,0,0,0,0,0,0,0,0,0,0,0,0,0,0,0,0,0,0,0,0,0,790026.4295,4070026.2881
NJS_82,286,NJS,NJS_82_0_0,0,#N/A,0,0,0,0,0,0,0,0,0,0,0,0,0,0,0,0,0,0,0,0,0,0,0,0,0,0,789401.5639,4070193.2587
NJS_83,287,NJS,NJS_83_0_0,0,#N/A,0,0,0,0,0,0,0,0,0,0,0,0,3.0001,0,0,0,0,0,0,3.0001,0,0,0,0,0,0,788766.520616667,4070772.74528333
NJS_84,288,NJS,NJS_84_0_0,0,#N/A,0,0,0,0,0,0,0,0,0,0,0,0,0,0,0,0,0,0,0,0,0,0,0,0,0,0,788488.9336,4068074.1881
NJS_85,290,NJS,NJS_85_0_0,0,#N/A,0,0,0,0,0,0,0,0,0,0,0,0,0,0,0,0,0,0,0,0,0,0,0,0,0,0,790097.9617,4068824.2425
NJS_86,291,NJS,NJS_86_0_0,0,#N/A,0,0,0,0.0001,0,0,0,0,0,0,0,0,0,0,0,0,0,0,0,0,0,0,0,0,0,0,789657.8826,4067594.5578
NJS_87,289,NJS,NJS_87_0_0,0,#N/A,0,0,0,2.8001,0,0,0,0,0,0,0,0,0,0,0,0,0,0,0,0.6001,0,0,0,0,0,0,787984.84745,4067614.623525
NJS_88,387,NJS,NJS_88_0_0,0,#N/A,0,0,0,0,0,0,0,0,0,0,0,0,0,0,0,0,0,0,0,0,0,0,0,0,0,0,783462.7596,4073339.5427
NJS_89,292,NJS,NJS_89_0_0,0,#N/A,0,0,0,0,0,0,0,0,0,0,0,0,0,0,0,0,0,0,0,0,0,0,0,0,0,0,786713.872,4068394.46604
NJS_9,216,NJS,NJS_9_0_0,0,#N/A,0,0,0,2.4001,0,0,0,0,0,0,0,0,6.6001,0,0,0,0,6.6001,0,6.6001,0,0,0,0,0,0,798556.72546,4074200.07556
NJS_90,293,NJS,NJS_90_0_0,13.8998862135,#N/A,0,0,0,7.1001,0,0,0,0,0,0,6.1001,0,6.1001,0,0,0,0,0,0,0,0,0,0,0,0,0,786577.044966667,4073871.85543333
NJS_91,294,NJS,NJS_91_0_0,0,#N/A,0,0,0,14.8001,0,0,0,0,0,0,7.5001,0,10.0001,0,0,0,0,0,0,0,0,0,0,0,0,0,786052.68315,4071280.23383333
NJS_92,383,NJS,NJS_92_0_0,0,#N/A,0,0,0,3.0001,0,0,0,0,0,0,1.5001,0,3.0001,0,0,0,0,0,0,0,0,0,0,0,0,0,803378.2702,4065117.92116667
NJS_93,295,NJS,NJS_93_0_0,0,#N/A,0,0,0,10.0001,0,0,0,0,0,0,19.0001,0,19.0001,0,0,0,0,0,0,2.5001,0,0,0,0,0,0,782616.203816667,4071879.55705
NJS_94,296,NJS,NJS_94_0_0,0,#N/A,0,0,0,2.9001,0,0,0,0,0,0,0,0,0,0,0,0,0,0,0,2.9001,0,0,0,0,0,0,783359.39844,4068802.0565
NJS_95,297,NJS,NJS_95_0_0,0,#N/A,0,0,0,0,0,0,0,0,0,0,0,0,0,0,0,0,0,0,0,1.4001,0,0,0,0,0,0,784339.086333333,4064351.164
NJS_96,298,NJS,NJS_96_0_0,5.87364122435,#N/A,0,0,0,0,0,0,0,0,0,0,0,0,2.3001,0,0,0,0,0,0,1.5001,0,0,0,0,0,0,784559.04882,4062338.46666
NJS_97,299,NJS,NJS_97_0_0,0,#N/A,0,0,0,0,0,0,0,0,0,0,0,0,0,0,0,0,0,0,0,0,0,0,0,0,0,0,783497.860433333,4062126.63073333
NJS_98,300,NJS,NJS_98_0_0,0,#N/A,0,0,0,0,0,0,0,0,0,0,0,0,0,0,0,0,0,0,0,0,0,0,0,0,0,0,782064.4219,4060904.2057
NJS_99,301,NJS,NJS_99_0_0,0,#N/A,0,0,0,0,0,0,0,0,0,0,0,0,1.0001,0,0,0,0,3.8001,0,3.8001,0,0,0,0,0,0,783695.671542857,4059741.72852857
TBS_1,987,TBS,TBS_1_0_0,0,#N/A,9.0001,0,9.0001,0,9.0001,0,24.0001,0,9.0001,0,0,0,0,0,0,45.0001,0,0,0,45.0001,0,0,0,0,0,45.0001,641605.308025,4066901.683575
TBS_10,939,TBS,TBS_10_0_0,4.07650872754,#N/A,0,0,0,1.7701,0,0,0,0,0,0,0,1.7701,0,0,0,0,0,0,0,0,0,0,0,0,0,0,646623.0265,4066546.8076
TBS_11,983,TBS,TBS_11_0_0,0,#N/A,0,0,0,0,0,0,0,0,0,0,0,0,0,0,0,0.394099,0,0,0,0,0,0.394099,0,0,0,0,648513.2435,4064926.5073
TBS_13,944,TBS,TBS_13_0_0,0,Khirbet Sha'ib,0,0,0,0,0,0,0,0,0,0,0,0,0,0,0,1.77,0,0,0,0,0,1.77,0,0,0,0,653395.699,4068207.6711
TBS_14,945,TBS,TBS_14_0_0,0,Qariyat Sewad,0,0,0,0,0,0,0,0,0,0,0,0,0,0,0,0,0,0,0,0,0,0.77,0,0,0,0,652959.5049,4066897.6069
TBS_16,946,TBS,TBS_16_0_0,0,#N/A,0,0,0,0,0,0,0,0,0,0,0,0,0,0,0,0,0,0,0.5401,0.5401,0,0,0,0,0,0,643713.150633333,4059961.39176667
TBS_18,947,TBS,TBS_18_0_0,0,#N/A,0,0,0,0,0,0,0,0,0,0,0,0,0,0,0,0,0,0,0.77,0.77,0,0,0,0,0,0,644743.6228,4059081.6178
TBS_21,948,TBS,TBS_21_0_0,0,#N/A,0,0,0,0,0,0,0,0,0,0,0,0,0,0,0,0,0,0,0,0,0,1.77,0,0,0,0,648640.3705,4060896.219
TBS_22,949,TBS,TBS_22_0_0,14.2230203156,#N/A,0,0,0,0.9901,0,0,0,0,0,0,0.7901,0.7901,0,0,0,2.2181,0,0,0,0,0,2.2181,0,0,0,0,651543.4758,4062195.51755
TBS_23,950,TBS,TBS_23_0_0,0,#N/A,0,0,0,0,0,0,0,0,0,0,0,0,0,0,0,0,0,0,0,0,0,0.35,0,0,0,0,635298.9105,4064487.746
TBS_24,951,TBS,TBS_24_0_0,0,#N/A,0,0,0,0,0,0,0,0,0,0,0,0,0,0,0,0,0,0,0,0.4401,0,0,0,0,0,0,643083.7798,4068408.2284
TBS_25,952,TBS,TBS_25_0_0,0,#N/A,0,0,0,0,0,0,0,0,0,0,0,0,0,0,0,0,0,0,0,0,0,1.88,0,0,0,0,646112.2998,4068643.1122
TBS_27,953,TBS,TBS_27_0_0,0,#N/A,0,0,0,0,0,0,0,0,0,0,0,0,0,0,0,0,0,0,0,0,0,0.63,0,0,0,0,644254.1142,4068610.4477
TBS_29,954,TBS,TBS_29_0_0,1.76256311804,#N/A,0,0,0,0,0,0,0,0,0,0,0,0,0,0,0,0,0,0,0,0,0,0.8201,0,0,0,0,643525.8946,4069972.4641
TBS_3,941,TBS,TBS_3_0_0,0,Manefa-Khirbet 'Uqla,0,0,0,0,0,0,0,0,0,0,0,0,0,0,0,0,0,0,0,0,0,1.77,0,0,0,0,641023.5609,4062120.0387
TBS_30,955,TBS,TBS_30_0_0,0,#N/A,0,0,0,0,0,0,0,0,0,0,0,0,0,0,0,0,0,0,0,0,0,1.77,0,0,0,0,643894.9161,4069912.2744
TBS_31,956,TBS,TBS_31_0_0,0,#N/A,0,0,0,0,0,0,0,0,0,0,0,0,0,0,0,0,0,0,0,0,0,1.1301,0,0,0,0,643320.6983,4073107.229
TBS_32,940,TBS,TBS_32_0_0,2.77820706079,#N/A,0,0,0,1.7701,0,0,0,0,0,0,1.7701,0,0,0,0,0,0,0,0,0,0,3.5401,0,0,0,0,645443.3789,4071816.54553333
TBS_35,957,TBS,TBS_35_0_0,0.878027457157,#N/A,0,0,0,1.5701,0,0,0,0,0,0,1.5701,0,0,0,0,0,0,0,0,0,0,0,0,0,0,0,646870.389,4073962.4469
TBS_37,958,TBS,TBS_37_0_0,0,#N/A,0,0,0,0,0,0,0,0,0,0,1.3301,0,0,1.1301,0,0,0,0,0,0,0,1.1301,0,0,0,0,647928.8281,4076458.72126667
TBS_39,959,TBS,TBS_39_0_0,7.22133954586,#N/A,0,0,0,0,0,0,0,0,0,0,4.9101,0,0,0,0,4.9101,0,0,0,0,0,4.9101,0,0,0,0,642041.7107,4079104.71145
TBS_4,975,TBS,TBS_4_0_0,16.7228074741,#N/A,0,0,0,0,0,0,0,0,0,0,4.7801,4.0801,0,0,0,0,0,0,0,0,0,1.2001,0,0,0,0,642686.35135,4063957.68025
TBS_40,960,TBS,TBS_40_0_0,0,#N/A,0,0,0,0,0,0,0,0,0,0,1.015099,0,0,0,0,1.0001,0,0,0,0,0,0,0,0,0,0,642493.981675,4077027.888175
TBS_41,976,TBS,TBS_41_0_0,12.4194157784,#N/A,0,0,0,0,0,0,0,0,0,0,2.714099,0,0,0,0,2.300099,0,0,0,0,0,0.9061,0.589099,0.9351,0,0,642922.374633333,4074513.54753333
TBS_42,977,TBS,TBS_42_0_0,0,#N/A,0,0,0,0,0,0,0,0,0,0,0,0,0,0,0,2.878098,0,0,0,0,0,2.878098,0,0,2.878098,0,641878.943825,4072580.7102
TBS_43,978,TBS,TBS_43_0_0,0,#N/A,0,0,0,0.0006,0,0,0,0,0,0,0.0006,0,0,0,0,0.0006,27.792096,0,0,27.792096,0,0.0005,0,0,0.0005,0,639339.020488889,4071052.05813889
TBS_45,961,TBS,TBS_45_0_0,0,#N/A,0,0,0,0,0,0,0,0,0,0,0,0,0,0,0,0,0,0,0,0,0,0.79,0,0,0,0,638724.368,4072431.733
TBS_47,962,TBS,TBS_47_0_0,0,#N/A,0,0,0,0,0,0,0,0,0,0,0,0,2.3261,0,0,2.3261,0,0,0,0,0,2.3261,0,0,0,0,635581.115833333,4075216.44266667
TBS_49,963,TBS,TBS_49_0_0,0,#N/A,0,0,0,0,0,0,0,0,0,0,0,0,0,0,0,0,0,0,0,0,0,3.151099,0,0,0,0,633688.3787,4068534.082
TBS_50,985,TBS,TBS_50_0_0,7.91934111229,#N/A,0,0,0,0,0,0,0,0,0,0,0,0.8131,1.0601,0,0,0,0,0,0,0,0,0,0,0,0,0,634444.428533333,4072326.64846667
TBS_52,979,TBS,TBS_52_0_0,8.52138369648,#N/A,0,0,0,0,0,0,0,0,0,0,0.5131,0,0,0,0,0.5131,0,0.306099,0,0,0,0.5131,0,0,0,0,634248.187466667,4075969.6153
TBS_53,964,TBS,TBS_53_0_0,7.60713687995,#N/A,0,0,0,0,0,0,0,0,0,0,0,0,0,0,0,0,0,0,0,0,0,1.5401,0,0,0,0,635178.242,4077037.1349
TBS_54,965,TBS,TBS_54_0_0,0,#N/A,0,0,0,0,0,0,0,0,0,0,0,0,0,0,0,0.7901,0,0,0,0,0,0.7901,0,0,0,0,637182.6733,4078639.4838
TBS_55,986,TBS,TBS_55_0_0,24.4732719686,#N/A,0,0,0,1.4001,0,0,0,0,0,0,0.8401,0,0,0,0,0.8401,0,0,0,0.0005,0,1.4001,0,0,1.4001,0,651514.996927273,4071525.60441818
TBS_56,966,TBS,TBS_56_0_0,0,#N/A,0,0,0,0,0,0,0,0,0,0,0,0,0,0,0,0,0,0,0,0,0,1,0,0,0,0,650985.4708,4073889.506
TBS_59,984,TBS,TBS_59_0_0,0,#N/A,0,0,0,8.1161,0,0,0,0,0,0,7.8001,0,4.0001,0,0,8.6061,0,7.8001,0,0.4901,0,8.1161,0,0,0.3161,0,643613.97635,4061017.46168333
TBS_6,942,TBS,TBS_6_0_0,0,#N/A,0,0,0,0,0,0,0,0,0,0,0,0,0,0,0,0.2001,0,0.2001,0,0,0,1.1401,0,0,0,0,643258.530333333,4063591.69653333
TBS_60,967,TBS,TBS_60_0_0,6.69458491965,Tell 'Aloni,0,0,0,1.88,0,0,0,0,0,0,1.88,0,0,0,0,0,0,0,0,0,0,0,0,0,0,0,644406.3571,4058443.9979
TBS_61,968,TBS,TBS_61_0_0,0,#N/A,0,0,0,0,0,0,0,0,0,0,1.13,0,0,0,0,0,0,0,0,0,0,0,0,0,0,0,642580.1228,4063465.1318
TBS_62,969,TBS,TBS_62_0_0,0,#N/A,0,0,0,0,0,0,0,0,0,0,0,0,0,0,0,0,0,0,0,0,0,0,0,0,0.9501,0,642040.0165,4065666.8538
TBS_63,936,TBS,TBS_63_0_0,0,#N/A,0,0,0,0,0,0,0,0,0,0,1.379099,0,0,0,0,1.0921,0,0,0,0,0,0.895099,0,0,0,0,633117.4149,4069906.2077
TBS_64,970,TBS,TBS_64_0_0,0,Khirbet Madyana,0,0,0,0,0,0,0,0,0,0,0,0,0,0,0,0,0,0,0,0,1.202,0,0,0,0,0,631945.5531,4069144.501
TBS_65,937,TBS,TBS_65_0_0,0.52759751198,Tell Khazna,0,0,0,0,0,0,0,0,0,0,0,0,0,0,0,0.514999,0,0,0,0,0,0,0,0,0,0,630617.2288,4070212.8822
TBS_66,980,TBS,TBS_66_0_0,0,#N/A,0,0,0,0,0,0,0,0,0,0,0,0,0,0,0,0,0,0,0,3.321098,0,0,0,0,0,0,630275.412733333,4070054.25563333
TBS_67,938,TBS,TBS_67_0_0,0,Tell 'Asi,0,0,0,0,0,0,0,0,0,0,0,0,0,0,0,0,0,0.463999,0,0,0,0.463999,0,0,0,0,630104.6494,4069767.9257
TBS_69,971,TBS,TBS_69_0_0,0,#N/A,0,0,0,0,0,0,0,0,0,0,0,0,0,0,0,0,0,0,0,0,0,0.843098,0,0,0,0,639242.066633333,4062165.8463
TBS_70,972,TBS,TBS_70_0_0,0,#N/A,0,0,0,0,0,0,0,0,0,0,0,0,0,0,0,0,0,0,0,0,0,0.424099,0,0,0,0,639290.511166667,4061362.6177
TBS_75,973,TBS,TBS_75_0_0,0,Serha,0,0,0,0,0,0,0,0,0,0,0,0,0,0,0,0,0,0,0,0.259999,0,0.259999,0,0,0,0,646737.4395,4063181.9053
TBS_76,981,TBS,TBS_76_0_0,0,#N/A,0,0,0,0,0,0,0,0,0,0,0,0,0,0,0,1.3821,0,0,0,0,0,1.3821,0,0,0,0,648703.4004,4062081.89736667
TBS_77,974,TBS,TBS_77_0_0,0,Jabriyah,0,0,0,0,0,0,0,0,0,0,0,0,0,0,0,1.715999,0,0,0,0,0,1.715999,0,0,0,0,652647.0465,4063661.544
TBS_83,982,TBS,TBS_83_0_0,0,Beydar III,0,0,0,0,0,0,0,0,0,0,0,0,0,0,0,0,0,0,0,0,0,1.28,0,0,0,0,644875.2788,4067548.6713
TBS_9,943,TBS,TBS_9_0_0,0,#N/A,0,0,0,0,0,0,0,0,0,0,0,0,0,0,0,0,0,0.4401,0,0,0,1.7701,0,0,0,0,645042.700933333,4066068.64263333
THS_1,1079,THS,THS_1_0_0,145.270832833,#N/A,0,0,0,101.4001,0,0,0,0,0,0,101.4001,0,0,0,0,0,0,0,0,0,0,0,0,3.1001,0,0,763870.77062,4078236.2007
THS_10,1088,THS,THS_10_0_0,0,#N/A,0,0,0,0,0,0,0,0,0,0,0,0,1.2001,0,0,0,0,0,0,0,0,0,5.5001,0,0,0,764448.9943,4083721.17003333
THS_11,1089,THS,THS_11_0_0,0,#N/A,0,0,0,0,0,0,0,0,0,0,0.75,0,0,0,0,0.75,0,0,0,0,0,0,0,0,0,0,765275.8351,4080126.9846
THS_12,1090,THS,THS_12_0_0,0,al-Asila,0,0,0,0,0,0,0,0,0,0,1.1,0,0,0,0,1.1,0,0,0,0,0,0,0,0,0,0,764824.6082,4080637.0464
THS_13,1091,THS,THS_13_0_0,0,#N/A,0,0,0,0,0,0,0,0,0,0,0,0,0,0,0,1.7,0,0,0,0,0,0,1.7,0,0,0,765293.4052,4081664.8443
THS_14,1092,THS,THS_14_0_0,0,#N/A,0,0,0,0,0,0,0,0,0,0,0,0,0,0,0,1.327322874,0,0,0,0,0,0,0,0,0,0,765186.6566,4081807.1889
THS_15,1093,THS,THS_15_0_0,0,al-'Abuda,0,0,0,0,0,0,0,0,0,0,0,0,0,0,0,0,0,0,0,0,0,0,0,0,0,0,766000.8759,4082934.4285
THS_16,1094,THS,THS_16_0_0,11.5199295938,#N/A,0,0,0,0.0002,0,0,0,0,0,0,0.0002,0,0.0002,0,0,1.1001,0,0,0,0,0,0,1.1001,0,0,0,766072.948333333,4078644.0552
THS_17,1095,THS,THS_17_0_0,0,al-Masiha,0,0,0,0,0,0,0,0,0,0,0,0,0,0,0,0,0,0,0,0,0,0,0,0,0,0,766830.0495,4081004.2304
THS_18,1096,THS,THS_18_0_0,0,#N/A,0,0,0,0,0,0,0,0,0,0,0,0,3.0002,0,0,2.0001,0,0,0,0,0,0,3.0001,0,0,0,767922.28642,4081834.70342
THS_2,1080,THS,THS_2_0_0,145.270832833,#N/A,0,0,0,0,0,0,0,0,0,0,0,0,0,0,0,0,0,0,0,0,0,0,0,0,0,0,763749.5832,4078812.8269
THS_20,1097,THS,THS_20_0_0,0,#N/A,0,0,0,0,0,0,0,0,0,0,1.2001,0,0,0,0,1.2001,0,0,0,0,0,0,1.9001,0,0,0,767881.824457143,4079235.75494286
THS_21,1098,THS,THS_21_0_0,0,#N/A,0,0,0,0,0,0,0,0,0,0,0,0,0,0,0,0,0,0,0,0,0,0,0,0,0,0,768195.5863,4080486.2352
THS_22,1099,THS,THS_22_0_0,0,#N/A,0,0,0,0,0,0,0,0,0,0,0.78539815,0,0,0,0,0,0,0,0,0,0,0,0,0,0,0,768113.7537,4078287.6731
THS_23,1100,THS,THS_23_0_0,0,#N/A,0,0,0,0,0,0,0,0,0,0,0,0,0,0,0,7.4001,0,0,0,0,0,0,4.6001,0,0,0,768019.18268,4077293.55466
THS_24,1101,THS,THS_24_0_0,0,#N/A,0,0,0,0,0,0,0,0,0,0,0,0,10.3701,0,0,16.0301,0,0,0,0,0,0,1.7401,0,0,0,767140.641436364,4075970.51805909
THS_25,1102,THS,THS_25_0_0,0,#N/A,0,0,0,0,0,0,0,0,0,0,0,0,0,0,0,0,0,0,0,0,0,0,0.0002,0,0,0.0002,763969.537119048,4076297.42621429
THS_29,1103,THS,THS_29_0_0,0,#N/A,0,0,0,0,0,0,0,0,0,0,0,0,0,0,0,0,0,0,0,0,0,0,0,0,0,0,765432.7655,4074506.9229
THS_3,1081,THS,THS_3_0_0,0,#N/A,0,0,0,0,0,0,0,0,0,0,0,0,0,0,0,0,0,0,0,0,0,0,0,4.4802,0,0,762841.220266667,4080416.60136667
THS_30,1104,THS,THS_30_0_0,0,#N/A,0,0,0,0,0,0,0,0,0,0,2.4,0,0,0,0,0,0,0,0,0,0,0,0,0,0,0,765785.5565,4074816.8706
THS_31,1105,THS,THS_31_0_0,0,#N/A,0,0,0,0,0,0,0,0,0,0,4.810563668,0,0,0,0,0,0,0,0,0,0,0,0,0,0,0,766063.72355,4075116.8495
THS_32,1106,THS,THS_32_0_0,0,#N/A,0,0,0,0,0,0,0,0,0,0,2.269900654,0,2.270200654,0,0,0,0,0,0,0,0,0,2.270200654,0,0,0,768039.88402,4073212.24604
THS_33,1107,THS,THS_33_0_0,0,#N/A,0,0,0,0,0,0,0,0,0,0,0,0,0,0,0,0,0,0,0,0,0,0,0,0,0,0,768068.3645,4073022.1312
THS_34,1108,THS,THS_34_0_0,0,#N/A,0,0,0,0,0,0,0,0,0,0,0,0,0,0,0,0,0,0,0,0,3.1417926,0,0,0,0,3.1417926,763772.743066667,4074513.51186667
THS_35,1109,THS,THS_35_0_0,0,#N/A,0,0,0,0,0,0,0,0,0,0,0,0,0,0,0,1.17,0,0,0,0,0,0,1.17,0,0,0,763916.0474,4074403.5824
THS_36,1110,THS,THS_36_0_0,0,#N/A,0,0,0,0,0,0,0,0,0,0,0,0,0,0,0,0,0,0,0,0,0,0,0,0,0,0,764047.6286,4074142.7534
THS_37,1111,THS,THS_37_0_0,11.1750085086,#N/A,0,0,0,0,0,0,0,0,0,0,20.0001,0,20.0001,0,0,20.0002,0,0,0,0,0,0,0,0,0,0,764720.743733333,4072331.66753333
THS_39,1112,THS,THS_39_0_0,0,#N/A,0,0,0,0,0,0,0,0,0,0,0,0,0,0,0,0,0,0,0,0,0,0,0,0,0,0,762552.3006,4073622.6394
THS_4,1082,THS,THS_4_0_0,0,#N/A,0,0,0,0,0,0,0,0,0,0,0,0,0,0,0,1.5,0,0,0,0,0,0,0,0,0,0,763707.8629,4081056.5317
THS_40,1113,THS,THS_40_0_0,0,#N/A,0,0,0,0,0,0,0,0,0,0,0,0,0,0,0,0,0,0,0,0,0,0,0.0007,0,0,0,761554.80648,4072612.05405
THS_41,1114,THS,THS_41_0_0,0,#N/A,0,0,0,0.9001,0,0,0,0,0,0,1.6001,0,2.4001,0,0,0.8001,0,0,0,0,0,0,3.2001,0,0,0,760477.694590909,4071303.05560909
THS_42,1115,THS,THS_42_0_0,0,Nasiriya Sharqiya,0,0,0,0,0,0,0,0,0,0,0,0,0,0,0,1.7,0,0,0,0,0,0,1.7,0,0,0,761046.1746,4074484.5403
THS_43,1116,THS,THS_43_0_0,0,#N/A,0,0,0,0,0,0,0,0,0,0,0,0,0,0,0,0,0,0,0,0,0,0,2.9001,0,0,0,759911.9816375,4074257.063225
THS_44,1117,THS,THS_44_0_0,0,#N/A,0,0,0,0,0,0,0,0,0,0,0,0,0,0,0,0,0,0,0,0,0,0,0,0,0,0,758848.666566667,4072957.79233333
THS_45,1118,THS,THS_45_0_0,0,#N/A,0,0,0,0,0,0,0,0,0,0,3.1001,0,0,0,0,3.1001,0,0,0,0,0,0,3.1001,0,0,0,761666.6252,4076352.40622
THS_46,1119,THS,THS_46_0_0,0,#N/A,0,0,0,0,0,0,0,0,0,0,0,0,0,0,0,0,0,0,0,0,0,0,0,0,0,0,759871.4808,4075670.8437
THS_47,1120,THS,THS_47_0_0,0,#N/A,0,0,0,0,0,0,0,0,0,0,1.1001,0,0,0,0,1.1001,0,0,0,0,0,0,1.1001,0,0,0,761791.5158,4077333.94885
THS_48,1121,THS,THS_48_0_0,0,#N/A,0,0,0,0,0,0,0,0,0,0,0,0,0,0,0,1.1001,0,0,0,0,0,0,6.7001,0,0,0,759266.6274,4077119.35946
THS_49,1122,THS,THS_49_0_0,0,#N/A,0,0,0,0,0,0,0,0,0,0,0,0,0,0,0,0,0,0,0,0,0,0,0,0,0,0,758329.6517,4076515.8968
THS_5,1083,THS,THS_5_0_0,0,#N/A,0,0,0,0,0,0,0,0,0,0,0,0,0,0,0,0,0,0,0,0,0,0,0,0,0,0,763516.10185,4081811.47835
THS_50,1123,THS,THS_50_0_0,0,#N/A,0,0,0,0,0,0,0,0,0,0,0,0,0,0,0,0,0,0,0,0,0,0,0,0,0,0,757525.884333333,4076598.21893333
THS_51,1124,THS,THS_51_0_0,0,#N/A,0,0,0,0.0001,0,0,0,0,0,0,0.0001,0,0,0,0,0,0,0,0,0,0,0,0,0,0,0,762503.4873,4078473.126
THS_52,1125,THS,THS_52_0_0,0,#N/A,0,0,0,0,0,0,0,0,0,0,0,0,0,0,0,0,0,0,0,0,0,0,0,0,0,0,759314.1922,4078247.9789
THS_53,1126,THS,THS_53_0_0,18.689454347,#N/A,0,0,0,0,0,0,0,0,0,0,0,0,0,0,0,1,0,0,0,0,0,0,0,0,0,0,759110.8946,4078698.2436
THS_54,1127,THS,THS_54_0_0,0,#N/A,0,0,0,0,0,0,0,0,0,0,17.8001,0,17.8001,0,0,17.8002,0,0,0,0,0,0,17.8002,0,0,0,759308.0576,4079079.7561
THS_55,1128,THS,THS_55_0_0,0,#N/A,0,0,0,0,0,0,0,0,0,0,0,0,0,0,0,0,0,0,0,0,0,0,3.9,0,0,0,760852.9796,4079902.0955
THS_56,1129,THS,THS_56_0_0,0,#N/A,0,0,0,0,0,0,0,0,0,0,0,0,0,0,0,0,0,0,0,0,0,0,0,0,0,0,760657.923,4081138.64505
THS_57,1130,THS,THS_57_0_0,0,#N/A,0,0,0,0,0,0,0,0,0,0,0,0,0,0,0,0.2,0,0,0,0,0,0,0,0,0,0,761475.7586,4081720.2941
THS_58,1131,THS,THS_58_0_0,0,#N/A,0,0,0,0,0,0,0,0,0,0,0,0,0.5,0,0,0.5,0,0,0,0,0,0,0,0,0,0,761632.0819,4081801.6774
THS_59,1132,THS,THS_59_0_0,0,#N/A,0,0,0,0,0,0,0,0,0,0,0,0,0,0,0,0,0,0,0,0,0,0,1.1,0,0,0,761738.5387,4081954.5344
THS_6,1084,THS,THS_6_0_0,0,#N/A,0,0,0,0,0,0,0,0,0,0,0,0,0,0,0,0,0,0,0,0,0,0,0,0,0,0,763755.2402,4081879.3918
THS_7,1085,THS,THS_7_0_0,0,#N/A,0,0,0,0,0,0,0,0,0,0,0,0,0,0,0,0,0,0,0,0,0,0,0,0,0,0,763797.1963,4082082.2507
THS_8,1086,THS,THS_8_0_0,0,#N/A,0,0,0,0,0,0,0,0,0,0,0,0,0,0,0,0,0,0,0,0,0,0,0,0,0,0,763840.5482,4082464.3681
THS_9,1087,THS,THS_9_0_0,0,#N/A,0,0,0,0,0,0,0,0,0,0,0,0,0,0,0,0,0,0,0,0,0,0,0,0,0,0,763271.7568,4083483.8382
