Site_ID,FID_1,Datst_1,Mj_ID_1,Site_Nm,EJZ1,EJZ1_2,EJZ2,NINV,EJZ3a,EJZ3,EJZ3b,AKK,EJZ4,EJZ4C,LTM,EBA_FCP,KHA,MBA_LBA,NUZI,LBA,SM,MASS,EIA_FCP,LASS,MIA_FCP,EIA_MIA,IA,IA_FCP,LIA,PASS,POINT_X,POINT_Y,cnfdnc_,EBA1,EBA2,MBA,LBA_brd,IA1,IA2,Tuna_sz,Tn_plyg,Name,POINT_Z,Size,Period,Tuna,number
LLN_1,1,LLN,LLN_1_0_0,Tell Leilan,90.0001,0,90.0002,0,0,90.0002,0,90.0002,0,0,0,0,90.0002,0,90.0001,0,0,90.0001,0,0,0,0,0,0,0,0,723066.155066667,4093173.05456667,1,90.0001,90.0002,90.0002,90.0001,90.0001,0,8.5951373544e-005,102,,,90.0002,"EBA1,EBA2,MBA,LBA,IA1",,112230
LLN_112,68,LLN,LLN_112_0_0,Taya,0,3.4,3.4,0,0,3.4,0,0,0,0,0,0,3.4,0,0,0,0,3.4,0,0,0,0,0,0,0,0,723918.5952,4085425.0403,1,3.4,3.4,3.4,3.4,3.4,0,1.1613194806e-005,357,,,3.4,"EBA1,EBA2,MBA,LBA,IA1",,162394
LLN_148,98,LLN,LLN_148_0_0,Gunduk Said,0,0,0,0,0,0,0,0,0,0,0,0,1.227184609,0,0,0,0,1.227184609,0,0,0,0,0,0,0,0,728477.1652,4095397.0928,1,0,0,1.227184609,1.227184609,1.227184609,0,6.738957047e-006,634,,,1.227184609,"MBA,LBA,IA1",,129382
LLN_155,120,LLN,LLN_155_0_0,Maqbara,1.44,1.44,0,0,0,0,0,0,0,0,0,0,1.44,0,0,0,0,1.44,0,0,0,0,0,0,0,0,735373.2813,4097069.3369,1,1.44,0,1.44,1.44,1.44,0,0,,,,1.44,"EBA1,MBA,LBA,IA1",,192444
LLN_186,75,LLN,LLN_186_0_0,Farfara,0,176,176,0,0,176,0,176,0,176,0,0,176,0,176,0,0,176,0,0,0,0,0,0,0,0,707967.0257,4077806.9197,1,176,176,176,176,176,0,4.6431759083e-005,776,,,176,"EBA1,EBA2,MBA,LBA,IA1",,182545
LLN_187,34,LLN,LLN_187_0_0,Doueitch,0.24,0.24,0,0,0,0.24,0,0.24,0,0,0,0,0,0,0,0,0,0.24,0,0,0,0,0,0,0,0,708528.0953,4074804.5872,1,0.24,0.24,0,0.24,0.24,0,1.078033618e-006,260,,,0.24,"EBA1,EBA2,LBA,IA1",,180053
LLN_212,48,LLN,LLN_212_0_0,al-Andalus,0,0,0,0,0,0,0,0,0,0,0,0,64,0,64,0,0,64,0,0,0,0,0,0,0,0,733816.8245,4056171.4814,1,0,0,64,64,64,0,4.4428408378e-005,238,,,64,"MBA,LBA,IA1",,179674
LLN_223,47,LLN,LLN_223_0_0,Sultan et-Tellul,0,7.8,0,0,0,0,0,7.8,0,0,0,0,7.8,0,7.8,0,0,7.8,0,0,0,0,0,0,0,0,730368.3696,4063486.1668,1,7.8,7.8,7.8,7.8,7.8,0,1.6658734782e-005,729,,,7.8,"EBA1,EBA2,MBA,LBA,IA1",,196364
LLN_231,109,LLN,LLN_231_0_0,Aweinat ibn Harshan,0,0,0,0,0,0,0,0,0,0,0,0,11.04,0,0,0,0,11.04,0,0,0,0,0,0,0,0,718243.8019,4060630.3297,1,0,0,11.04,11.04,11.04,0,0,,,,11.04,"MBA,LBA,IA1",,181291
LLN_241,81,LLN,LLN_241_0_0,Dumdum,0,0,0,0,0,27.52537772,0,27.52537772,0,0,0,0,27.52537772,0,27.52537772,0,0,27.52537772,0,0,0,0,0,0,0,0,706722.1879,4053281.154,1,0,27.52537772,27.52537772,27.52537772,27.52537772,0,7.493829015e-006,599,,,27.52537772,"EBA2,MBA,LBA,IA1",,129799
LLN_245,42,LLN,LLN_245_0_0,Gibsi,0,0,0,0,0,0,0,0.405,0,0,0,0,0.405,0,0,0,0,0.405,0,0,0,0,0,0,0,0,712801.8133,4065980.0827,1,0,0.405,0.405,0.405,0.405,0,2.64933934e-006,403,,,0.405,"EBA2,MBA,LBA,IA1",,174471
LLN_256,137,LLN,LLN_256_0_0,Aweinat ibn Harshan 6,0,0,0,0,0,0,0,0,0,0,0,0,3,0,0,0,0,3,0,0,0,0,0,0,0,0,719611.7234,4061388.2642,1,0,0,3,3,3,0,0,,,,3,"MBA,LBA,IA1",,185288
LLN_279,85,LLN,LLN_279_0_0,Abtakh Fowqani,0,0,0,0,0,0,0,6,0,0,0,0,6,0,6,0,0,6,0,0,0,0,0,0,0,0,725736.4474,4077364.3441,1,0,6,6,6,6,0,1.3685075777e-005,23,,,6,"EBA2,MBA,LBA,IA1",,108668
LLN_283,112,LLN,LLN_283_0_0,Abu Batakh,0,0,0,0,0,0,0,0,0,0,0,0,1.32,0,1.32,0,0,1.32,0,0,0,0,0,0,0,0,730465.1842,4073801.81,1,0,0,1.32,1.32,1.32,0,0,,,,1.32,"MBA,LBA,IA1",,192020
LLN_285,111,LLN,LLN_285_0_0,Wadahiya,0,0,0,0,0,0,0,0,0,0,0,0,2.24,0,2.24,0,0,2.24,0,0,0,0,0,0,0,0,732535.6927,4074029.6903,1,0,0,2.24,2.24,2.24,0,3.421621767e-006,753,,,2.24,"MBA,LBA,IA1",,186232
LLN_292,33,LLN,LLN_292_0_0,Aweinat el-Amrin 3,0,0,0,0,0,0,0,2.72,0,0,0,0,2.72,0,2.72,0,0,2.72,0,0,0,0,0,0,0,0,719424.4392,4079018.0852,1,0,2.72,2.72,2.72,2.72,0,1.3562129941e-005,703,,,2.72,"EBA2,MBA,LBA,IA1",,190000
LLN_301,35,LLN,LLN_301_0_0,Majjreinat North,0,0,0,0,0,0,0,0,0,0,0,0,0.817128235,0,0,0,0,0.817128235,0,0,0,0,0,0,0,0,715457.1842,4072094.3513,1,0,0,0.817128235,0.817128235,0.817128235,0,0,,,,0.817128235,"MBA,LBA,IA1",,186328
LLN_308,144,LLN,LLN_308_0_0,Na'am Hayar,0,0,0,0,0,0,0,2.56,0,0,0,0,2.56,0,2.56,0,0,2.56,0,0,0,0,0,0,0,0,719515.0267,4071976.55,1,0,2.56,2.56,2.56,2.56,0,0,,,,2.56,"EBA2,MBA,LBA,IA1",,194673
LLN_49,50,LLN,LLN_49_0_0,Qarassa,0,10.9,0,0,0,0,0,10.9,0,0,0,0,10.9,0,10.9,0,0,10.9,0,0,0,0,0,0,0,0,720576.4412,4078638.8408,1,10.9,10.9,10.9,10.9,10.9,0,0,,,,10.9,"EBA1,EBA2,MBA,LBA,IA1",,141403
LLN_55,19,LLN,LLN_55_0_0,Mohammed Diyab,43,0,43,0,0,43,0,43,0,43,0,0,43,0,43,0,0,43,0,0,0,0,0,0,0,0,728393.4121,4089588.6093,1,43,43,43,43,43,0,9.760890266e-006,689,,,43,"EBA1,EBA2,MBA,LBA,IA1",,174297
LLN_62,18,LLN,LLN_62_0_0,Nabua,0,0,0,0,0,1.767145838,0,0,0,0,0,0,1.767145838,0,0,0,0,1.767145838,0,0,0,0,0,0,0,0,730930.56,4092465.965,1,0,1.767145838,1.767145838,1.767145838,1.767145838,0,2.501169237e-006,150,,,1.767145838,"EBA2,MBA,LBA,IA1",,180437
LLN_69,54,LLN,LLN_69_0_0,,0,0,0.0001,0,0,0,0,0,0,0,0,0,0.0001,0,0.0001,0,0,0.0001,0,0,0,0,0,0,0,0,724291.5438,4081730.8732,1,0,0.0001,0.0001,0.0001,0.0001,0,6.647292026e-006,292,,,6.647292026e-006,"EBA2,MBA,LBA,IA1",,184585
NJS_1,380,NJS,NJS_1_0_0,(Tell el-Hawa),0,0,0,0,0,0,0,0,0,0,65.5001,0,65.5001,0,0,0,0,16.0001,0,0,0,0,0,0,0,0,794811.300267857,4071801.74049643,1,0,65.5001,65.5001,16.0001,16.0001,0,3.3357589612e-005,290,,,65.5001,"EBA2,MBA,LBA,IA1",,107732
NJS_10,390,NJS,NJS_10_0_0,,0,0,0,2.4001,0,0,0,0,0,0,0,0,5.6001,0,0,0,0,1.1001,0,2.2001,0,0,0,0,0,0,799862.39835,4073578.7478,1,2.4001,0,5.6001,1.1001,1.1001,2.2001,0,,,,5.6001,"EBA1,MBA,LBA,IA1,IA2",,42943
NJS_105,304,NJS,NJS_105_0_0,,0,0,0,0,0,0,0,0,0,0,0,0,0,0,0,0,0,0.8001,0,1.5001,0,0,0,0,0,0,785351.11545,4068273.1869,1,0,0,0,0.8001,0.8001,1.5001,8.002671051e-006,232,,,1.5001,"LBA,IA1,IA2",,189661
NJS_108,307,NJS,NJS_108_0_0,,0,0,0,0,0,0,0,0,0,0,0,0,0.5001,0,0,0,0,3.3001,0,3.3001,0,0,0,0,0,0,783415.964733333,4063290.37998333,1,0,0,0.5001,3.3001,3.3001,3.3001,0,,,,3.3001,"MBA,LBA,IA1,IA2",,116828
NJS_110,309,NJS,NJS_110_0_0,,0,0,0,0,0,0,0,0,0,0,0,0,0,0,0,0,0,3.5001,0,4.6001,0,0,0,0,0,0,786549.031442857,4063297.09044286,1,0,0,0,3.5001,3.5001,4.6001,1.5180323152e-005,94,,,4.6001,"LBA,IA1,IA2",,30980
NJS_115,313,NJS,NJS_115_0_0,,0,0,0,0,0,0,0,0,0,0,0,0,1.0001,0,0,0,0,2.0001,0,2.0001,0,0,0,0,0,0,788572.65502,4062087.99188,1,0,0,1.0001,2.0001,2.0001,2.0001,0,,,,2.0001,"MBA,LBA,IA1,IA2",,122702
NJS_12,218,NJS,NJS_12_0_0,,0,0,0,3.0001,0,0,0,0,0,0,0,0,0,0,0,0,0,2.1001,0,2.1001,0,0,0,0,0,0,800016.385466667,4071508.79996667,1,3.0001,0,0,2.1001,2.1001,2.1001,0,,,,3.0001,"EBA1,LBA,IA1,IA2",,178151
NJS_121,318,NJS,NJS_121_0_0,,0,0,0,0,0,0,0,0,0,0,0,0,1.0001,0,0,0,0,1.0001,0,1.0001,0,0,0,0,0,0.6001,789799.361375,4061875.998975,1,0,0,1.0001,1.0001,1.0001,1.0001,0,,,,1.0001,"MBA,LBA,IA1,IA2",,59929
NJS_126,323,NJS,NJS_126_0_0,,0,0,0,0,0,0,0,0,0,0,0,0,1.0001,0,0,0,0,0.5001,0,0.5001,0,0,0,0,0,0,783921.835942857,4071451.33174286,1,0,0,1.0001,0.5001,0.5001,0.5001,0,,,,1.0001,"MBA,LBA,IA1,IA2",,156063
NJS_131,328,NJS,NJS_131_0_0,,0,0,0,0,0,0,0,0,0,0,0.9001,0,0.9001,0,0,0,0,0.5001,0,0.9001,0,0,0,0,0,0,783846.5652,4074229.2149,1,0,0.9001,0.9001,0.5001,0.5001,0.9001,0,,,,0.9001,"EBA2,MBA,LBA,IA1,IA2",,114209
NJS_138,335,NJS,NJS_138_0_0,,0,0,0,0,0,0,0,0,0,0,0,0,0.5001,0,0,0,0,3.7001,0,3.7001,0,0,0,0,0,0,780738.14235,4060590.5283,1,0,0,0.5001,3.7001,3.7001,3.7001,0,,,,3.7001,"MBA,LBA,IA1,IA2",,32206
NJS_14,220,NJS,NJS_14_0_0,,0,0,0,1.9001,0,0,0,0,0,0,0,0,3.6001,0,3.6001,0,0,0.7001,0,0.4001,0,0,0,0,0,0,795967.86714,4068447.5022,1,1.9001,0,3.6001,3.6001,0.7001,0.4001,0,,,,3.6001,"EBA1,MBA,LBA,IA1,IA2",,170449
NJS_140,337,NJS,NJS_140_0_0,(Tell Mana'a),0,0,0,0,0,0,0,0,0,0,1.0001,0,8.0001,0,0,0,0,3.5001,0,3.0001,0,0,0,0,0,0,781037.059114286,4064157.06055714,1,0,1.0001,8.0001,3.5001,3.5001,3.0001,2.6177195322e-005,793,,,8.0001,"EBA2,MBA,LBA,IA1,IA2",,111792
NJS_155,386,NJS,NJS_155_0_0,(Tell Hayal),0,0,0,0,0,0,0,0,0,0,2.0001,0,2.4001,0,0,0,0,2.0001,0,1.0001,0,0,0,0,0,0,783598.987275,4077589.140125,1,0,2.0001,2.4001,2.0001,2.0001,1.0001,2.4628669236e-005,751,,,2.4001,"EBA2,MBA,LBA,IA1,IA2",,105612
NJS_157,352,NJS,NJS_157_0_0,,0,0,0,0,0,0,0,0,0,0,0,0,0,0,0,0,0,1.2001,0,2.4001,0,0,0,0,0,0,776874.389928571,4072209.58221429,1,0,0,0,1.2001,1.2001,2.4001,0,,,,2.4001,"LBA,IA1,IA2",,184754
NJS_160,355,NJS,NJS_160_0_0,,0,0,0,0,0,0,0,0,0,0,0,0,1.6001,0,0,0,0,1.6001,0,0.7001,0,0,0,0,0,0,780883.346566667,4074584.1562,1,0,0,1.6001,1.6001,1.6001,0.7001,0,,,,1.6001,"MBA,LBA,IA1,IA2",,167294
NJS_19,226,NJS,NJS_19_0_0,(Tell el-Butha)?,0,0,0,3.5001,0,0,0,0,0,0,0,0,6.0001,0,0,0,0,2.5001,0,0.4001,0,0,0,0,0,0,791045.227818182,4069095.38090909,1,3.5001,0,6.0001,2.5001,2.5001,0.4001,3.1636883212e-005,31,,,6.0001,"EBA1,MBA,LBA,IA1,IA2",,156520
NJS_20,225,NJS,NJS_20_0_0,,0,0,0,0,0,0,0,0,0,0,2.8001,0,2.8001,0,0,0,0,1.1001,0,4.7001,0,0,0,0,0,0,792508.4716375,4068629.8385,1,0,2.8001,2.8001,1.1001,1.1001,4.7001,1.0799094737e-005,851,,,4.7001,"EBA2,MBA,LBA,IA1,IA2",,165790
NJS_22,228,NJS,NJS_22_0_0,,0,0,0,0,0,0,0,0,0,0,0,0,1.6001,0,0,0,0,0.4001,0,0,0,0,0,0,0,0,797854.140066667,4069233.74803333,1,0,0,1.6001,0.4001,0.4001,0,0,,,,1.6001,"MBA,LBA,IA1",,169214
NJS_29,235,NJS,NJS_29_0_0,,0,0,0,8.9001,0,0,0,0,0,0,8.9001,0,8.9002,0,0,0,0,0.0003,0,0.0003,0,0,0,0,0,0,790366.5326,4073810.72766,1,8.9001,8.9001,8.9002,0.0003,0.0003,0.0003,0,,,,8.9002,"EBA1,EBA2,MBA,LBA,IA1,IA2",,65469
NJS_30,236,NJS,NJS_30_0_0,,0,0,0,4.3001,0,0,0,0,0,0,0,0,3.4001,0,0,0,0,0.6001,0,1.3001,0,0,0,0,0,0,789206.028933333,4074918.67673333,1,4.3001,0,3.4001,0.6001,0.6001,1.3001,0,,,,4.3001,"EBA1,MBA,LBA,IA1,IA2",,141625
NJS_37,241,NJS,NJS_37_0_0,,0,0,0,1.5,0,0,0,0,0,0,0,0,0.7,0,0,0,0,1.7001,0,0.5001,0,0,0,0,0,0,803390.74525,4072279.2036875,1,1.5,0,0.7,1.7001,1.7001,0.5001,1.8687135521e-005,464,,,1.7001,"EBA1,MBA,LBA,IA1,IA2",,87775
NJS_39,243,NJS,NJS_39_0_0,,0,0,0,1.5002,0,0,0,0,0,0,0,0,0.0002,0,0,0,0,0.0002,0,0,0,0,0,0,0,0,803819.48418,4071087.5743,1,1.5002,0,0.0002,0.0002,0.0002,0,0,,,,1.5002,"EBA1,MBA,LBA,IA1",,184297
NJS_42,246,NJS,NJS_42_0_0,,0,0,0,4.1001,0,0,0,0,0,0,2.5001,0,6.0001,0,0.7001,0,0,0.7001,0,3.0001,0,0,0,0,0,0,802952.587109091,4069857.60347273,1,4.1001,2.5001,6.0001,0.7001,0.7001,3.0001,1.4255301246e-005,320,,,6.0001,"EBA1,EBA2,MBA,LBA,IA1,IA2",,195922
NJS_43,247,NJS,NJS_43_0_0,(Kharaba Tibn / Tell Abu Hajar),0,0,0,0,0,0,0,0,0,0,17.3001,0,18.6001,0,0,0,0,4.2001,0,0.2001,0,0,0,0,0,0,808136.273488889,4070580.42984444,1,0,17.3001,18.6001,4.2001,4.2001,0.2001,2.6139408049e-005,888,,,18.6001,"EBA2,MBA,LBA,IA1,IA2",,142595
NJS_45,249,NJS,NJS_45_0_0,,0,0,0,1.3001,0,0,0,0,0,0,0,0,2.5001,0,0,0,0,0.6001,0,0.6001,0,0,0,0,0,0,802343.4290875,4066882.07135,1,1.3001,0,2.5001,0.6001,0.6001,0.6001,0,,,,2.5001,"EBA1,MBA,LBA,IA1,IA2",,80281
NJS_48,252,NJS,NJS_48_0_0,,0,0,0,22.9001,0,0,0,0,0,0,3.2001,0,22.5001,0,0,0,0,1.7001,0,18.9001,0,0,0,0,0,0,805011.2048,4069271.0296375,1,22.9001,3.2001,22.5001,1.7001,1.7001,18.9001,9.063194205e-006,540,,,22.9001,"EBA1,EBA2,MBA,LBA,IA1,IA2",,160292
NJS_51,256,NJS,NJS_51_0_0,,0,0,0,0,0,0,0,0,0,0,0,0,0,0,0,0,0,2.9001,0,1.0001,0,0,0,0,0,0,804731.12385,4067131.00995,1,0,0,0,2.9001,2.9001,1.0001,0,,,,2.9001,"LBA,IA1,IA2",,183609
NJS_57,261,NJS,NJS_57_0_0,,0,0,0,1.3001,0,0,0,0,0,0,0.9001,0,0,0,0,0,0,0.9001,0,0.9001,0,0,0,0,0,0,807742.147933333,4069547.06603333,1,1.3001,0.9001,0,0.9001,0.9001,0.9001,0,,,,1.3001,"EBA1,EBA2,LBA,IA1,IA2",,20484
NJS_69,273,NJS,NJS_69_0_0,,0,0,0,0,0,0,0,0,0,0,0,0,0,0,0,0,0,0.8001,0,0.8001,0,0,0,0,0,0,793720.08656,4063013.58106,1,0,0,0,0.8001,0.8001,0.8001,0,,,,0.8001,"LBA,IA1,IA2",,139154
NJS_71,275,NJS,NJS_71_0_0,,0,0,0,0,0,0,0,0,0,0,5.0001,0,5.6001,0,5.6001,0,0,5.6001,0,0,0,0,0,0,0,0,788349.95438,4069249.49406,1,0,5.0001,5.6001,5.6001,5.6001,0,0,,,,5.6001,"EBA2,MBA,LBA,IA1",,106453
NJS_73,277,NJS,NJS_73_0_0,,0,0,0,0,0,0,0,0,0,0,0,0,1.5001,0,0,0,0,1.5001,0,2.3001,0,0,0,0,0,0,789214.4367,4076534.1259,1,0,0,1.5001,1.5001,1.5001,2.3001,0,,,,2.3001,"MBA,LBA,IA1,IA2",,153050
NJS_9,216,NJS,NJS_9_0_0,,0,0,0,2.4001,0,0,0,0,0,0,0,0,6.6001,0,0,0,0,6.6001,0,6.6001,0,0,0,0,0,0,798556.72546,4074200.07556,1,2.4001,0,6.6001,6.6001,6.6001,6.6001,0,,,,6.6001,"EBA1,MBA,LBA,IA1,IA2",,125188
NJS_99,301,NJS,NJS_99_0_0,(Tell Bahri esh-Shamal),0,0,0,0,0,0,0,0,0,0,0,0,1.0001,0,0,0,0,3.8001,0,3.8001,0,0,0,0,0,0,783695.671542857,4059741.72852857,1,0,0,1.0001,3.8001,3.8001,3.8001,7.720457605e-006,107,,,3.8001,"MBA,LBA,IA1,IA2",,162413
TBS_11,983,TBS,TBS_11_0_0,,0,0,0,0,0,0,0,0,0,0,0,0,0,0,0,0.394099,0,0,0,0,0,0.394099,0,0,0,0,648513.2435,4064926.5073,1,0,0,0,0.394099,0.394099,0.394099,0,,,,0.394099,"LBA,IA1,IA2",,160695
TBS_13,944,TBS,TBS_13_0_0,Khirbet Sha'ib,0,0,0,0,0,0,0,0,0,0,0,0,0,0,0,1.77,0,0,0,0,0,1.77,0,0,0,0,653395.699,4068207.6711,1,0,0,0,1.77,1.77,1.77,0,,,,1.77,"LBA,IA1,IA2",,73749
TBS_14,945,TBS,TBS_14_0_0,Qariyat Sewad,0,0,0,0,0,0,0,0,0,0,0,0,0,0,0,0,0,0,0,0,0,0.77,0,0,0,0,652959.5049,4066897.6069,1,0,0,0,0,0.77,0.77,0,,,,0.77,"IA1,IA2",,151518
TBS_16,946,TBS,TBS_16_0_0,,0,0,0,0,0,0,0,0,0,0,0,0,0,0,0,0,0,0,0.5401,0.5401,0,0,0,0,0,0,643713.150633333,4059961.39176667,1,0,0,0,0,0.5401,0.5401,0,,,,0.5401,"IA1,IA2",,38963
TBS_18,947,TBS,TBS_18_0_0,,0,0,0,0,0,0,0,0,0,0,0,0,0,0,0,0,0,0,0.77,0.77,0,0,0,0,0,0,644743.6228,4059081.6178,1,0,0,0,0,0.77,0.77,0,,,,0.77,"IA1,IA2",,117465
TBS_21,948,TBS,TBS_21_0_0,,0,0,0,0,0,0,0,0,0,0,0,0,0,0,0,0,0,0,0,0,0,1.77,0,0,0,0,648640.3705,4060896.219,1,0,0,0,0,1.77,1.77,0,,,,1.77,"IA1,IA2",,175079
TBS_22,949,TBS,TBS_22_0_0,(Bergul el-Buz),0,0,0,0.9901,0,0,0,0,0,0,0.7901,0.7901,0,0,0,2.2181,0,0,0,0,0,2.2181,0,0,0,0,651543.4758,4062195.51755,1,0.9901,0.7901,0,2.2181,2.2181,2.2181,1.4341866595e-005,92,,,2.2181,"EBA1,EBA2,LBA,IA1,IA2",,69528
TBS_23,950,TBS,TBS_23_0_0,,0,0,0,0,0,0,0,0,0,0,0,0,0,0,0,0,0,0,0,0,0,0.35,0,0,0,0,635298.9105,4064487.746,1,0,0,0,0,0.35,0.35,0,,,,0.35,"IA1,IA2",,180884
TBS_25,952,TBS,TBS_25_0_0,,0,0,0,0,0,0,0,0,0,0,0,0,0,0,0,0,0,0,0,0,0,1.88,0,0,0,0,646112.2998,4068643.1122,1,0,0,0,0,1.88,1.88,0,,,,1.88,"IA1,IA2",,176528
TBS_27,953,TBS,TBS_27_0_0,,0,0,0,0,0,0,0,0,0,0,0,0,0,0,0,0,0,0,0,0,0,0.63,0,0,0,0,644254.1142,4068610.4477,1,0,0,0,0,0.63,0.63,0,,,,0.63,"IA1,IA2",,98959
TBS_29,954,TBS,TBS_29_0_0,,0,0,0,0,0,0,0,0,0,0,0,0,0,0,0,0,0,0,0,0,0,0.8201,0,0,0,0,643525.8946,4069972.4641,1,0,0,0,0,0.8201,0.8201,1.778889619e-006,902,,,0.8201,"IA1,IA2",,83696
TBS_3,941,TBS,TBS_3_0_0,Manefa-Khirbet 'Uqla,0,0,0,0,0,0,0,0,0,0,0,0,0,0,0,0,0,0,0,0,0,1.77,0,0,0,0,641023.5609,4062120.0387,1,0,0,0,0,1.77,1.77,0,,,,1.77,"IA1,IA2",,119321
TBS_30,955,TBS,TBS_30_0_0,,0,0,0,0,0,0,0,0,0,0,0,0,0,0,0,0,0,0,0,0,0,1.77,0,0,0,0,643894.9161,4069912.2744,1,0,0,0,0,1.77,1.77,0,,,,1.77,"IA1,IA2",,113789
TBS_31,956,TBS,TBS_31_0_0,,0,0,0,0,0,0,0,0,0,0,0,0,0,0,0,0,0,0,0,0,0,1.1301,0,0,0,0,643320.6983,4073107.229,1,0,0,0,0,1.1301,1.1301,0,,,,1.1301,"IA1,IA2",,144868
TBS_31,956,TBS,TBS_31_0_0,,0,0,0,0,0,0,0,0,0,0,0,0,0,0,0,0,0,0,0,0,0,1.1301,0,0,0,0,643320.6983,4073107.229,1,0,0,0,0,1.1301,1.1301,0,,,,1.1301,"IA1,IA2",,146965
TBS_31,956,TBS,TBS_31_0_0,,0,0,0,0,0,0,0,0,0,0,0,0,0,0,0,0,0,0,0,0,0,1.1301,0,0,0,0,643320.6983,4073107.229,1,0,0,0,0,1.1301,1.1301,0,,,,1.1301,"IA1,IA2",,169709
TBS_32,940,TBS,TBS_32_0_0,(Tell Khatun),0,0,0,1.7701,0,0,0,0,0,0,1.7701,0,0,0,0,0,0,0,0,0,0,3.5401,0,0,0,0,645443.3789,4071816.54553333,1,1.7701,1.7701,0,0,3.5401,3.5401,2.804518521e-006,904,,,3.5401,"EBA1,EBA2,IA1,IA2",,182872
TBS_37,958,TBS,TBS_37_0_0,(Tell Ghazal),0,0,0,0,0,0,0,0,0,0,1.3301,0,0,1.1301,0,0,0,0,0,0,0,1.1301,0,0,0,0,647928.8281,4076458.72126667,1,0,1.3301,1.1301,1.1301,1.1301,1.1301,7.36088026e-007,661,,,1.3301,"EBA2,MBA,LBA,IA1,IA2",,119137
TBS_39,959,TBS,TBS_39_0_0,(Tell Sekar Fawqani),0,0,0,0,0,0,0,0,0,0,4.9101,0,0,0,0,4.9101,0,0,0,0,0,4.9101,0,0,0,0,642041.7107,4079104.71145,1,0,4.9101,0,4.9101,4.9101,4.9101,7.295937285e-006,326,,,4.9101,"EBA2,LBA,IA1,IA2",,171065
TBS_4,975,TBS,TBS_4_0_0,(Tell Rajab),0,0,0,0,0,0,0,0,0,0,4.7801,4.0801,0,0,0,0,0,0,0,0,0,1.2001,0,0,0,0,642686.35135,4063957.68025,1,4.0801,4.7801,0,0,1.2001,1.2001,1.6865961852e-005,633,,,4.7801,"EBA1,EBA2,IA1,IA2",,91835
TBS_41,976,TBS,TBS_41_0_0,(Tell Sekar Tahtani),0,0,0,0,0,0,0,0,0,0,2.714099,0,0,0,0,2.300099,0,0,0,0,0,0.9061,0.589099,0.9351,0,0,642922.374633333,4074513.54753333,1,0,2.714099,0,2.300099,0.9061,0.9061,1.2541084406e-005,115,,,2.714099,"EBA2,LBA,IA1,IA2",,172922
TBS_42,977,TBS,TBS_42_0_0,,0,0,0,0,0,0,0,0,0,0,0,0,0,0,0,2.878098,0,0,0,0,0,2.878098,0,0,2.878098,0,641878.943825,4072580.7102,1,0,0,0,2.878098,2.878098,2.878098,0,,,,2.878098,"LBA,IA1,IA2",,178766
TBS_43,978,TBS,TBS_43_0_0,(Tell Hassek),0,0,0,0.0006,0,0,0,0,0,0,0.0006,0,0,0,0,0.0006,27.792096,0,0,27.792096,0,0.0005,0,0,0.0005,0,639339.020488889,4071052.05813889,1,0.0006,0.0006,27.792096,27.792096,0.0005,27.792096,3.7738523536e-005,244,,,27.792096,"EBA1,EBA2,MBA,LBA,IA1,IA2",,178729
TBS_45,961,TBS,TBS_45_0_0,,0,0,0,0,0,0,0,0,0,0,0,0,0,0,0,0,0,0,0,0,0,0.79,0,0,0,0,638724.368,4072431.733,1,0,0,0,0,0.79,0.79,0,,,,0.79,"IA1,IA2",,183750
TBS_47,962,TBS,TBS_47_0_0,,0,0,0,0,0,0,0,0,0,0,0,0,2.3261,0,0,2.3261,0,0,0,0,0,2.3261,0,0,0,0,635581.115833333,4075216.44266667,1,0,0,2.3261,2.3261,2.3261,2.3261,0,,,,2.3261,"MBA,LBA,IA1,IA2",,181675
TBS_49,963,TBS,TBS_49_0_0,,0,0,0,0,0,0,0,0,0,0,0,0,0,0,0,0,0,0,0,0,0,3.151099,0,0,0,0,633688.3787,4068534.082,1,0,0,0,0,3.151099,3.151099,0,,,,3.151099,"IA1,IA2",,188906
TBS_52,979,TBS,TBS_52_0_0,(Tell Farfara),0,0,0,0,0,0,0,0,0,0,0.5131,0,0,0,0,0.5131,0,0.306099,0,0,0,0.5131,0,0,0,0,634248.187466667,4075969.6153,1,0,0.5131,0,0.5131,0.5131,0.5131,8.606400627e-006,291,,,0.5131,"EBA2,LBA,IA1,IA2",,124101
TBS_53,964,TBS,TBS_53_0_0,(Tell Sawadih),0,0,0,0,0,0,0,0,0,0,0,0,0,0,0,0,0,0,0,0,0,1.5401,0,0,0,0,635178.242,4077037.1349,1,0,0,0,0,1.5401,1.5401,7.683920004e-006,572,,,1.5401,"IA1,IA2",,165198
TBS_54,965,TBS,TBS_54_0_0,,0,0,0,0,0,0,0,0,0,0,0,0,0,0,0,0.7901,0,0,0,0,0,0.7901,0,0,0,0,637182.6733,4078639.4838,1,0,0,0,0.7901,0.7901,0.7901,0,,,,0.7901,"LBA,IA1,IA2",,171708
TBS_55,986,TBS,TBS_55_0_0,(Tell Effendi),0,0,0,1.4001,0,0,0,0,0,0,0.8401,0,0,0,0,0.8401,0,0,0,0.0005,0,1.4001,0,0,1.4001,0,651514.996927273,4071525.60441818,1,1.4001,0.8401,0,0.8401,1.4001,1.4001,2.4703703613e-005,389,,,1.4001,"EBA1,EBA2,LBA,IA1,IA2",,98966
TBS_56,966,TBS,TBS_56_0_0,,0,0,0,0,0,0,0,0,0,0,0,0,0,0,0,0,0,0,0,0,0,1,0,0,0,0,650985.4708,4073889.506,1,0,0,0,0,1,1,0,,,,1,"IA1,IA2",,159431
TBS_59,984,TBS,TBS_59_0_0,(Tell Jamil),0,0,0,8.1161,0,0,0,0,0,0,7.8001,0,4.0001,0,0,8.6061,0,7.8001,0,0.4901,0,8.1161,0,0,0.3161,0,643613.97635,4061017.46168333,1,8.1161,7.8001,4.0001,8.6061,8.1161,8.1161,1.5272916576e-005,412,,,8.6061,"EBA1,EBA2,MBA,LBA,IA1,IA2",,158819
TBS_6,942,TBS,TBS_6_0_0,,0,0,0,0,0,0,0,0,0,0,0,0,0,0,0,0.2001,0,0.2001,0,0,0,1.1401,0,0,0,0,643258.530333333,4063591.69653333,1,0,0,0,0.2001,1.1401,1.1401,0,,,,1.1401,"LBA,IA1,IA2",,99995
TBS_63,936,TBS,TBS_63_0_0,,0,0,0,0,0,0,0,0,0,0,1.379099,0,0,0,0,1.0921,0,0,0,0,0,0.895099,0,0,0,0,633117.4149,4069906.2077,1,0,1.379099,0,1.0921,0.895099,0.895099,2.270178137e-006,640,,,1.379099,"EBA2,LBA,IA1,IA2",,127320
TBS_67,938,TBS,TBS_67_0_0,Tell 'Asi,0,0,0,0,0,0,0,0,0,0,0,0,0,0,0,0,0,0.463999,0,0,0,0.463999,0,0,0,0,630104.6494,4069767.9257,1,0,0,0,0.463999,0.463999,0.463999,0,,,,0.463999,"LBA,IA1,IA2",,181184
TBS_69,971,TBS,TBS_69_0_0,,0,0,0,0,0,0,0,0,0,0,0,0,0,0,0,0,0,0,0,0,0,0.843098,0,0,0,0,639242.066633333,4062165.8463,1,0,0,0,0,0.843098,0.843098,0,,,,0.843098,"IA1,IA2",,179434
TBS_70,972,TBS,TBS_70_0_0,,0,0,0,0,0,0,0,0,0,0,0,0,0,0,0,0,0,0,0,0,0,0.424099,0,0,0,0,639290.511166667,4061362.6177,1,0,0,0,0,0.424099,0.424099,0,,,,0.424099,"IA1,IA2",,182830
TBS_75,973,TBS,TBS_75_0_0,Serha,0,0,0,0,0,0,0,0,0,0,0,0,0,0,0,0,0,0,0,0.259999,0,0.259999,0,0,0,0,646737.4395,4063181.9053,1,0,0,0,0,0.259999,0.259999,0,,,,0.259999,"IA1,IA2",,159964
TBS_76,981,TBS,TBS_76_0_0,,0,0,0,0,0,0,0,0,0,0,0,0,0,0,0,1.3821,0,0,0,0,0,1.3821,0,0,0,0,648703.4004,4062081.89736667,1,0,0,0,1.3821,1.3821,1.3821,0,,,,1.3821,"LBA,IA1,IA2",,174705
TBS_77,974,TBS,TBS_77_0_0,Jabriyah,0,0,0,0,0,0,0,0,0,0,0,0,0,0,0,1.715999,0,0,0,0,0,1.715999,0,0,0,0,652647.0465,4063661.544,1,0,0,0,1.715999,1.715999,1.715999,0,,,,1.715999,"LBA,IA1,IA2",,159856
TBS_83,982,TBS,TBS_83_0_0,Beydar III,0,0,0,0,0,0,0,0,0,0,0,0,0,0,0,0,0,0,0,0,0,1.28,0,0,0,0,644875.2788,4067548.6713,1,0,0,0,0,1.28,1.28,0,,,,1.28,"IA1,IA2",,97077
TBS_9,943,TBS,TBS_9_0_0,,0,0,0,0,0,0,0,0,0,0,0,0,0,0,0,0,0,0.4401,0,0,0,1.7701,0,0,0,0,645042.700933333,4066068.64263333,1,0,0,0,0.4401,1.7701,1.7701,0,,,,1.7701,"LBA,IA1,IA2",,178322
THS_10,1088,THS,THS_10_0_0,,0,0,0,0,0,0,0,0,0,0,0,0,1.2001,0,0,0,0,0,0,0,0,0,5.5001,0,0,0,764448.9943,4083721.17003333,1,0,0,1.2001,0,5.5001,5.5001,0,,,,5.5001,"MBA,IA1,IA2",,181317
THS_13,1091,THS,THS_13_0_0,,0,0,0,0,0,0,0,0,0,0,0,0,0,0,0,1.7,0,0,0,0,0,0,1.7,0,0,0,765293.4052,4081664.8443,1,0,0,0,1.7,1.7,1.7,0,,,,1.7,"LBA,IA1,IA2",,136243
THS_16,1094,THS,THS_16_0_0,(Tell es-Sara),0,0,0,0.0002,0,0,0,0,0,0,0.0002,0,0.0002,0,0,1.1001,0,0,0,0,0,0,1.1001,0,0,0,766072.948333333,4078644.0552,1,0.0002,0.0002,0.0002,1.1001,1.1001,1.1001,1.1634153832e-005,430,,,1.1001,"EBA1,EBA2,MBA,LBA,IA1,IA2",,90518
THS_18,1096,THS,THS_18_0_0,,0,0,0,0,0,0,0,0,0,0,0,0,3.0002,0,0,2.0001,0,0,0,0,0,0,3.0001,0,0,0,767922.28642,4081834.70342,1,0,0,3.0002,2.0001,3.0001,3.0001,0,,,,3.0002,"MBA,LBA,IA1,IA2",,180133
THS_20,1097,THS,THS_20_0_0,,0,0,0,0,0,0,0,0,0,0,1.2001,0,0,0,0,1.2001,0,0,0,0,0,0,1.9001,0,0,0,767881.824457143,4079235.75494286,1,0,1.2001,0,1.2001,1.9001,1.9001,0,,,,1.9001,"EBA2,LBA,IA1,IA2",,164484
THS_23,1100,THS,THS_23_0_0,,0,0,0,0,0,0,0,0,0,0,0,0,0,0,0,7.4001,0,0,0,0,0,0,4.6001,0,0,0,768019.18268,4077293.55466,1,0,0,0,7.4001,4.6001,4.6001,0,,,,7.4001,"LBA,IA1,IA2",,164959
THS_23,1100,THS,THS_23_0_0,,0,0,0,0,0,0,0,0,0,0,0,0,0,0,0,7.4001,0,0,0,0,0,0,4.6001,0,0,0,768019.18268,4077293.55466,1,0,0,0,7.4001,4.6001,4.6001,0,,,,7.4001,"LBA,IA1,IA2",,177520
THS_24,1101,THS,THS_24_0_0,,0,0,0,0,0,0,0,0,0,0,0,0,10.3701,0,0,16.0301,0,0,0,0,0,0,1.7401,0,0,0,767140.641436364,4075970.51805909,1,0,0,10.3701,16.0301,1.7401,1.7401,0,,,,16.0301,"MBA,LBA,IA1,IA2",,42254
THS_25,1102,THS,THS_25_0_0,,0,0,0,0,0,0,0,0,0,0,0,0,0,0,0,0,0,0,0,0,0,0,0.0002,0,0,0.0002,763969.537119048,4076297.42621429,1,0,0,0,0,0.0002,0.0002,0,,,,,"IA1,IA2",,59136
THS_32,1106,THS,THS_32_0_0,,0,0,0,0,0,0,0,0,0,0,2.269900654,0,2.270200654,0,0,0,0,0,0,0,0,0,2.270200654,0,0,0,768039.88402,4073212.24604,1,0,2.269900654,2.270200654,0,2.270200654,2.270200654,0,,,,2.270200654,"EBA2,MBA,IA1,IA2",,146869
THS_35,1109,THS,THS_35_0_0,,0,0,0,0,0,0,0,0,0,0,0,0,0,0,0,1.17,0,0,0,0,0,0,1.17,0,0,0,763916.0474,4074403.5824,1,0,0,0,1.17,1.17,1.17,0,,,,1.17,"LBA,IA1,IA2",,100750
THS_40,1113,THS,THS_40_0_0,,0,0,0,0,0,0,0,0,0,0,0,0,0,0,0,0,0,0,0,0,0,0,0.0007,0,0,0,761554.80648,4072612.05405,1,0,0,0,0,0.0007,0.0007,0,,,,,"IA1,IA2",,160689
THS_41,1114,THS,THS_41_0_0,(Tell Na'ur),0,0,0,0.9001,0,0,0,0,0,0,1.6001,0,2.4001,0,0,0.8001,0,0,0,0,0,0,3.2001,0,0,0,760477.694590909,4071303.05560909,1,0.9001,1.6001,2.4001,0.8001,3.2001,3.2001,1.0313979912e-005,129,,,3.2001,"EBA1,EBA2,MBA,LBA,IA1,IA2",,128101
THS_42,1115,THS,THS_42_0_0,Nasiriya Sharqiya,0,0,0,0,0,0,0,0,0,0,0,0,0,0,0,1.7,0,0,0,0,0,0,1.7,0,0,0,761046.1746,4074484.5403,1,0,0,0,1.7,1.7,1.7,0,,,,1.7,"LBA,IA1,IA2",,92346
THS_43,1116,THS,THS_43_0_0,,0,0,0,0,0,0,0,0,0,0,0,0,0,0,0,0,0,0,0,0,0,0,2.9001,0,0,0,759911.9816375,4074257.063225,1,0,0,0,0,2.9001,2.9001,0,,,,2.9001,"IA1,IA2",,141171
THS_45,1118,THS,THS_45_0_0,,0,0,0,0,0,0,0,0,0,0,3.1001,0,0,0,0,3.1001,0,0,0,0,0,0,3.1001,0,0,0,761666.6252,4076352.40622,1,0,3.1001,0,3.1001,3.1001,3.1001,0,,,,3.1001,"EBA2,LBA,IA1,IA2",,120331
THS_47,1120,THS,THS_47_0_0,,0,0,0,0,0,0,0,0,0,0,1.1001,0,0,0,0,1.1001,0,0,0,0,0,0,1.1001,0,0,0,761791.5158,4077333.94885,1,0,1.1001,0,1.1001,1.1001,1.1001,0,,,,1.1001,"EBA2,LBA,IA1,IA2",,38181
THS_48,1121,THS,THS_48_0_0,,0,0,0,0,0,0,0,0,0,0,0,0,0,0,0,1.1001,0,0,0,0,0,0,6.7001,0,0,0,759266.6274,4077119.35946,1,0,0,0,1.1001,6.7001,6.7001,0,,,,6.7001,"LBA,IA1,IA2",,102634
THS_54,1127,THS,THS_54_0_0,(Tell Tamr),0,0,0,0,0,0,0,0,0,0,17.8001,0,17.8001,0,0,17.8002,0,0,0,0,0,0,17.8002,0,0,0,759308.0576,4079079.7561,1,0,17.8001,17.8001,17.8002,17.8002,17.8002,1.8875969436e-005,764,,,17.8002,"EBA2,MBA,LBA,IA1,IA2",,158099
THS_55,1128,THS,THS_55_0_0,,0,0,0,0,0,0,0,0,0,0,0,0,0,0,0,0,0,0,0,0,0,0,3.9,0,0,0,760852.9796,4079902.0955,1,0,0,0,0,3.9,3.9,0,,,,3.9,"IA1,IA2",,88975
THS_59,1132,THS,THS_59_0_0,,0,0,0,0,0,0,0,0,0,0,0,0,0,0,0,0,0,0,0,0,0,0,1.1,0,0,0,761738.5387,4081954.5344,1,0,0,0,0,1.1,1.1,0,,,,1.1,"IA1,IA2",,171099
,,,,,,,,,,,,,,,,,,,,,,,,,,,,,,,662667.838689,4028462.78402,2,0.0001,0.0001,0.0001,0.0001,0.0001,0.0001,3.659594126e-006,435,Dur-A??ur-ketti-le?er (Tell Bderi),0,3.659594126e-006,"EBA1,EBA2,MBA,LBA,IA1,IA2",,191243
,,,,,,,,,,,,,,,,,,,,,,,,,,,,,,,592702.565519,4076095.54777,3,0,0,0.0001,0.0001,0.0001,0.0001,0,,Guzana (Tell Halaf),0,,"MBA,LBA,IA1,IA2",,196534
,,,,,,,,,,,,,,,,,,,,,,,,,,,,,,,689910.776453,4068020.59125,2,0.0001,0.0001,0.0001,0.0001,0.0001,0.0001,1.8309632907e-005,372,Kahat (Tell Barri),0,1.8309632907e-005,"EBA1,EBA2,MBA,LBA,IA1,IA2",,103642
,,,,,,,,,,,,,,,,,,,,,,,,,,,,,,,656826.588109,4040759.65553,3,0,0,0,0.0001,0.0001,0.0001,0,,Magrisu (Tell Hasaka)?,0,,"LBA,IA1,IA2",,192915
,,,,,,,,,,,,,,,,,,,,,,,,,,,,,,,683912.955318,4059941.81042,2,0.0001,0.0001,0.0001,0.0001,0.0001,0.0001,0.00019157346683,738,Nagar (Tell Brak),0,0.00019157346683,"EBA1,EBA2,MBA,LBA,IA1,IA2",,104952
,,,,,,,,,,,,,,,,,,,,,,,,,,,,,,,595387.081913,4077947.16466,3,0,90,90,90,90,90,0,,Sikanu (Tell Fekheriye),0,90,"EBA2,MBA,LBA,IA1,IA2",,196417
,,,,,,,,,,,,,,,,,,,,,,,,,,,,,,,693111.845064,4076651.24076,2,0.0001,0.0001,0.0001,245,0.0001,0.0001,2.3654855947e-005,557,Taidu? (Tell Hamidiya),0,2.3654855947e-005,"EBA1,EBA2,MBA,LBA,IA1,IA2",,190958
,,,,,,,,,,,,,,,,,,,,,,,,,,,,,,,814280.911623,4079651.23647,3,0,0,0,0.0001,0.0001,0.0001,0,,(Khirbet Karhasan),0,,"LBA,IA1,IA2",,193451
,,,,,,,,,,,,,,,,,,,,,,,,,,,,,,,648569.846822,4052577.51851,2,3,3,3,3,3,3,5.088876135e-006,839,(Tell Abu Hafur),0,5.088876135e-006,"EBA1,EBA2,MBA,LBA,IA1,IA2",,179242
,,,,,,,,,,,,,,,,,,,,,,,,,,,,,,,680203.629802,4082687.87738,2,38,38,38,38,38,38,2.1436780381e-005,636,(Tell 'Arbid),0,2.1436780381e-005,"EBA1,EBA2,MBA,LBA,IA1,IA2",,183602
,,,,,,,,,,,,,,,,,,,,,,,,,,,,,,,630410.483646,4041151.56004,2,44,44,0,0,44,44,5.3624696474e-005,545,(Tell Mabtuh esh-Sharqi),0,5.3624696474e-005,"EBA1,EBA2,IA1,IA2",,185851
,,,,,,,,,,,,,,,,,,,,,,,,,,,,,,,664186.039153,4037399.12,2,1.3,1.3,1.3,1.3,1.3,1.3,1.993243655e-006,204,(Tell Rad Shaqrah),0,1.993243655e-006,"EBA1,EBA2,MBA,LBA,IA1,IA2",,182701
,,,,,,,,,,,,,,,,,,,,,,,,,,,,,,,667282.056048,4032179.15087,3,40,40,40,40,40,40,0,,(Tell Tnenir),0,40,"EBA1,EBA2,MBA,LBA,IA1,IA2",,438
,,,,,,,,,,,,,,,,,,,,,,,,,,,,,,,656800.566374,4046308.29688,2,0.0001,0.0001,0.0001,0.0001,0.0001,0.0001,5.610914489e-006,549,(Tell Zaghan),0,5.610914489e-006,"EBA1,EBA2,MBA,LBA,IA1,IA2",,181973
