"","Site_ID","FID_1","Datst_1","Mj_ID_1","Site_Nm","EJZ1","EJZ1_2","EJZ2","NINV","EJZ3a","EJZ3","EJZ3b","AKK","EJZ4","EJZ4C","LTM","EBA_FCP","KHA","MBA_LBA","NUZI","LBA","SM","MASS","EIA_FCP","LASS","MIA_FCP","EIA_MIA","IA","IA_FCP","LIA","PASS","POINT_X","POINT_Y","cnfdnc_","EBA1","EBA2","MBA","LBA_brd","IA1","IA2","Tuna_sz","Tn_plyg","Name","POINT_Z","Size","Period","Tuna","number","id"
"1","LLN_1",1,"LLN","LLN_1_0_0","Tell Leilan",90.0001,0,90.0002,0,0,90.0002,0,90.0002,0,0,0,0,90.0002,0,90.0001,0,0,90.0001,0,0,0,0,0,0,0,0,723066.155066667,4093173.05456667,1,90.0001,90.0002,90.0002,90.0001,90.0001,0,8.5951373544e-05,102,"",NA,90.0001,"EBA1,EBA2,MBA,LBA,IA1",NA,112230,1
"2","LLN_101",116,"LLN","LLN_101_0_0","Abbas",0,0.78539815,0,0,0,0,0,0,0,0,0,0,0,0,0,0,0,0,0,0,0,0,0,0,0,0,729255.786,4092514.1011,1,0.78539815,0,0,0,0,0,0,NA,"",NA,0.78539815,"EBA1",NA,186513,4
"3","LLN_106",67,"LLN","LLN_106_0_0","Toueiyel",0,4.08,4.08,0,0,4.08,0,4.08,0,0,0,0,4.08,0,0,0,0,0,0,0,0,0,0,0,0,0,729549.4,4083222.5702,1,4.08,4.08,4.08,0,0,0,1.5418366506e-05,709,"",NA,4.08,"EBA1,EBA2,MBA",NA,179313,7
"4","LLN_112",68,"LLN","LLN_112_0_0","Taya",0,3.4,3.4,0,0,3.4,0,0,0,0,0,0,3.4,0,0,0,0,3.4,0,0,0,0,0,0,0,0,723918.5952,4085425.0403,1,3.4,3.4,3.4,3.4,3.4,0,1.1613194806e-05,357,"",NA,3.4,"EBA1,EBA2,MBA,LBA,IA1",NA,162394,11
"5","LLN_12",16,"LLN","LLN_12_0_0","Awda",3.52,0,3.52,0,0,3.52,0,3.52,0,0,0,0,3.52,0,0,0,0,0,0,0,0,0,0,0,0,0,734992.3783,4092482.7708,1,3.52,3.52,3.52,0,0,0,4.498039214e-06,628,"",NA,3.52,"EBA1,EBA2,MBA",NA,161059,15
"6","LLN_133",27,"LLN","LLN_133_0_0","Abu Qassayeb",0,0.3,0.3,0,0,0.3,0,0.3,0,0.3,0,0,0,0,0,0,0,0,0,0,0,0,0,0,0,0,710637.3923,4083547.211,1,0.3,0.3,0,0,0,0,3.316740608e-06,141,"",NA,0.3,"EBA1,EBA2",NA,171239,22
"7","LLN_137",3,"LLN","LLN_137_0_0","Barham",1.327322874,0,1.327322874,0,0,0,0,0,0,0,0,0,1.327322874,0,0,0,0,0,0,0,0,0,0,0,0,0,723751.4573,4096537.8784,1,1.327322874,1.327322874,1.327322874,0,0,0,3.216321923e-06,400,"",NA,1.327322874,"EBA1,EBA2,MBA",NA,186414,25
"8","LLN_15",22,"LLN","LLN_15_0_0","Blaij",0,6.2,6.2,0,0,6.2,0,6.2,0,0,0,0,6.2,0,0,0,0,0,0,0,0,0,0,0,0,0,717020.4457,4089425.1511,1,6.2,6.2,6.2,0,0,0,2.0022651714e-05,26,"",NA,6.2,"EBA1,EBA2,MBA",NA,196550,35
"9","LLN_155",120,"LLN","LLN_155_0_0","Maqbara",1.44,1.44,0,0,0,0,0,0,0,0,0,0,1.44,0,0,0,0,1.44,0,0,0,0,0,0,0,0,735373.2813,4097069.3369,1,1.44,0,1.44,1.44,1.44,0,0,NA,"",NA,1.44,"EBA1,MBA,LBA,IA1",NA,192444,36
"10","LLN_157",170,"LLN","LLN_157_0_0","Madhluma",1.2,0,0,0,0,0,0,0,0,0,0,0,1.2,0,0,0,0,0,0,0,0,0,0,0,0,0,722025.8324,4085736.0359,1,1.2,0,1.2,0,0,0,0,NA,"",NA,1.2,"EBA1,MBA",NA,78370,31
"11","LLN_165",123,"LLN","LLN_165_0_0","Amri Kabir",0,2,2,0,0,2,0,2,0,0,0,0,2,0,0,0,0,0,0,0,0,0,0,0,0,0,714313.8059,4077328.6361,1,2,2,2,0,0,0,0,NA,"",NA,2,"EBA1,EBA2,MBA",NA,92296,43
"12","LLN_166",124,"LLN","LLN_166_0_0","Mathlutheh Tawila",7.5,0,7.5,0,0,0,0,7.5,0,0,0,0,0,0,0,0,0,0,0,0,0,0,0,0,0,0,715626.0855,4077186.3801,1,7.5,7.5,0,0,0,0,2.634195947e-06,889,"",NA,7.5,"EBA1,EBA2",NA,183724,44
"13","LLN_169",29,"LLN","LLN_169_0_0","Qasr Faris",1.5625,0,1.5625,0,0,1.5625,0,1.5625,0,0,0,0,1.5625,0,0,0,0,0,0,0,0,0,0,0,0,0,720233.6999,4081932.0909,1,1.5625,1.5625,1.5625,0,0,0,0,NA,"",NA,1.5625,"EBA1,EBA2,MBA",NA,193427,45
"14","LLN_17",23,"LLN","LLN_17_0_0","Kulurah",0,2,2,0,0,2,0,0,0,0,0,0,2,0,0,0,0,0,0,0,0,0,0,0,0,0,714724.6724,4087225.6376,1,2,2,2,0,0,0,0,NA,"",NA,2,"EBA1,EBA2,MBA",NA,189550,46
"15","LLN_180",26,"LLN","LLN_180_0_0","Ghazal",0,11.96,11.96,0,0,11.96,0,11.96,0,11.96,0,0,11.96,0,0,0,0,0,0,0,0,0,0,0,0,0,708606.3497,4084069.9172,1,11.96,11.96,11.96,0,0,0,4.44718999e-06,177,"",NA,11.96,"EBA1,EBA2,MBA",NA,181143,50
"16","LLN_186",75,"LLN","LLN_186_0_0","Farfara",0,176,176,0,0,176,0,176,0,176,0,0,176,0,176,0,0,176,0,0,0,0,0,0,0,0,707967.0257,4077806.9197,1,176,176,176,176,176,0,4.6431759083e-05,776,"",NA,176,"EBA1,EBA2,MBA,LBA,IA1",NA,182545,56
"17","LLN_187",34,"LLN","LLN_187_0_0","Doueitch",0.24,0.24,0,0,0,0.24,0,0.24,0,0,0,0,0,0,0,0,0,0.24,0,0,0,0,0,0,0,0,708528.0953,4074804.5872,1,0.24,0.24,0,0.24,0.24,0,1.078033618e-06,260,"",NA,0.24,"EBA1,EBA2,LBA,IA1",NA,180053,57
"18","LLN_189",28,"LLN","LLN_189_0_0","Ahmed",2.25,0,2.25,0,0,2.25,0,2.25,0,0,0,0,2.25,0,0,0,0,0,0,0,0,0,0,0,0,0,709528.3978,4081186.7071,1,2.25,2.25,2.25,0,0,0,1.4709551834e-05,832,"",NA,2.25,"EBA1,EBA2,MBA",NA,168658,58
"19","LLN_220",45,"LLN","LLN_220_0_0","Abra",0,0.6,0.6,0,0,0,0,0,0,0,0,0,0,0,0,0,0,0,0,0,0,0,0,0,0,0,726591.9388,4067088.1463,1,0.6,0.6,0,0,0,0,0,NA,"",NA,0.6,"EBA1,EBA2",NA,180355,76
"20","LLN_223",47,"LLN","LLN_223_0_0","Sultan et-Tellul",0,7.8,0,0,0,0,0,7.8,0,0,0,0,7.8,0,7.8,0,0,7.8,0,0,0,0,0,0,0,0,730368.3696,4063486.1668,1,7.8,7.8,7.8,7.8,7.8,0,1.6658734782e-05,729,"",NA,7.8,"EBA1,EBA2,MBA,LBA,IA1",NA,196364,78
"21","LLN_264",38,"LLN","LLN_264_0_0","Abu Qadeir",6.25,0,6.25,0,0,6.25,0,6.25,0,6.25,0,0,6.25,0,0,0,0,0,0,0,0,0,0,0,0,0,737673.8578,4081954.8873,1,6.25,6.25,6.25,0,0,0,1.8560335792e-05,271,"",NA,6.25,"EBA1,EBA2,MBA",NA,161630,99
"22","LLN_34",101,"LLN","LLN_34_0_0","Gir Margue",0,2.52,2.52,0,0,2.52,0,2.52,0,2.52,0,0,2.52,0,0,0,0,0,0,0,0,0,0,0,0,0,735718.9455,4098192.0107,1,2.52,2.52,2.52,0,0,0,1.534801748e-06,112,"",NA,2.52,"EBA1,EBA2,MBA",NA,194968,131
"23","LLN_36",185,"LLN","LLN_36_0_0","",0,0,0,1e-04,0,0,0,0,0,0,1e-04,0,1e-04,0,0,0,0,0,0,0,0,0,0,0,0,0,721881.9957,4085819.9406,1,1e-04,1e-04,1e-04,0,0,0,0,NA,"",NA,NA,"EBA1,EBA2,MBA",NA,90438,134
"24","LLN_38",186,"LLN","LLN_38_0_0","",0,0,0,1e-04,0,0,0,0,0,0,1e-04,0,1e-04,0,0,0,0,0,0,0,0,0,0,0,0,0,721826.0592,4085791.9724,1,1e-04,1e-04,1e-04,0,0,0,0,NA,"",NA,NA,"EBA1,EBA2,MBA",NA,95924,136
"25","LLN_47",21,"LLN","LLN_47_0_0","Hamara",0,2.04,2.04,0,0,2.04,0,0,0,0,0,0,2.04,0,0,0,0,0,0,0,0,0,0,0,0,0,721634.1165,4086708.9056,1,2.04,2.04,2.04,0,0,0,3.701807156e-06,321,"",NA,2.04,"EBA1,EBA2,MBA",NA,145524,143
"26","LLN_49",50,"LLN","LLN_49_0_0","Qarassa",0,10.9,0,0,0,0,0,10.9,0,0,0,0,10.9,0,10.9,0,0,10.9,0,0,0,0,0,0,0,0,720576.4412,4078638.8408,1,10.9,10.9,10.9,10.9,10.9,0,0,NA,"",NA,10.9,"EBA1,EBA2,MBA,LBA,IA1",NA,141403,145
"27","LLN_51",152,"LLN","LLN_51_0_0","Qotba Tahtani",0,2.25,2.25,0,0,2.25,0,0,0,0,0,0,2.25,0,0,0,0,0,0,0,0,0,0,0,0,0,719942.2424,4095237.0037,1,2.25,2.25,2.25,0,0,0,0,NA,"",NA,2.25,"EBA1,EBA2,MBA",NA,191553,147
"28","LLN_54",51,"LLN","LLN_54_0_0","Abu Khazaf",0,6.8,0,6.8,0,0,0,6.8,0,0,0,0,6.8,0,0,0,0,0,0,0,0,0,0,0,0,0,716144.1041,4083231.2352,1,6.8,6.8,6.8,0,0,0,1.4426159502e-05,317,"",NA,6.8,"EBA1,EBA2,MBA",NA,179449,149
"29","LLN_55",19,"LLN","LLN_55_0_0","Mohammed Diyab",43,0,43,0,0,43,0,43,0,43,0,0,43,0,43,0,0,43,0,0,0,0,0,0,0,0,728393.4121,4089588.6093,1,43,43,43,43,43,0,9.760890266e-06,689,"",NA,43,"EBA1,EBA2,MBA,LBA,IA1",NA,174297,150
"30","LLN_59",25,"LLN","LLN_59_0_0","(Tell Chermoukh)",1e-04,0,1e-04,0,0,1e-04,0,1e-04,0,0,0,0,1e-04,0,0,0,0,0,0,0,0,0,0,0,0,0,712485.7021,4085005.0733,1,1e-04,1e-04,1e-04,0,0,0,7.910593616e-06,542,"",NA,7.910593616e-06,"EBA1,EBA2,MBA",NA,167951,153
"31","LLN_60",32,"LLN","LLN_60_0_0","Abu Farah",6.38,0,6.38,0,0,6.38,0,6.38,0,6.38,0,0,6.38,0,0,0,0,0,0,0,0,0,0,0,0,0,733890.5264,4086178.6153,1,6.38,6.38,6.38,0,0,0,3.0407164301e-05,664,"",NA,6.38,"EBA1,EBA2,MBA",NA,172636,154
"32","LLN_68",154,"LLN","LLN_68_0_0","",0,0,0,0.5,0,0,0,0,0,0,0.5,0,0.5,0,0,0,0,0,0,0,0,0,0,0,0,0,723624.6354,4087689.7596,1,0.5,0.5,0.5,0,0,0,0,NA,"",NA,0.5,"EBA1,EBA2,MBA",NA,152533,162
"33","LLN_87",62,"LLN","LLN_87_0_0","Bazouna Kabira",0,0,0,5,0,0,0,0,0,0,5,0,5,0,0,0,0,0,0,0,0,0,0,0,0,0,731802.6239,4088159.7422,1,5,5,5,0,0,0,0,NA,"",NA,5,"EBA1,EBA2,MBA",NA,169066,182
"34","LLN_9",160,"LLN","LLN_9_0_0","Rehaya 1",0,0,0,4.9875,0,0,0,0,0,0,4.9875,0,4.9875,0,0,0,0,0,0,0,0,0,0,0,0,0,724228.542,4094017.257,1,4.9875,4.9875,4.9875,0,0,0,0,NA,"",NA,4.9875,"EBA1,EBA2,MBA",NA,145984,185
"35","LLN_96",65,"LLN","LLN_96_0_0","Koubeiba",2.64,0,0,0,0,2.64,0,0,0,0,0,0,2.64,0,0,0,0,0,0,0,0,0,0,0,0,0,711985.8713,4088044.6113,1,2.64,2.64,2.64,0,0,0,7.666289425e-06,758,"",NA,2.64,"EBA1,EBA2,MBA",NA,187308,192
"36","NJS_10",390,"NJS","NJS_10_0_0","",0,0,0,2.4001,0,0,0,0,0,0,0,0,5.6001,0,0,0,0,1.1001,0,2.2001,0,0,0,0,0,0,799862.39835,4073578.7478,1,2.4001,0,5.6001,1.1001,1.1001,2.2001,0,NA,"",NA,2.4001,"EBA1,MBA,LBA,IA1,IA2",NA,42943,195
"37","NJS_11",217,"NJS","NJS_11_0_0","",0,0,0,0.7001,0,0,0,0,0,0,0,0,0,0,0,0,0,0,0,0.7001,0,0,0,0,0,0,798459.1738,4070510.21317143,1,0.7001,0,0,0,0,0.7001,0,NA,"",NA,0.7001,"EBA1,IA2",NA,187975,200
"38","NJS_112",310,"NJS","NJS_112_0_0","",0,0,0,1e-04,0,0,0,0,0,0,0,0,0,0,0,0,0,0,0,0,0,0,0,0,0,0,789054.113533333,4064060.53746667,1,1e-04,0,0,0,0,0,0,NA,"",NA,NA,"EBA1",NA,179539,203
"39","NJS_12",218,"NJS","NJS_12_0_0","",0,0,0,3.0001,0,0,0,0,0,0,0,0,0,0,0,0,0,2.1001,0,2.1001,0,0,0,0,0,0,800016.385466667,4071508.79996667,1,3.0001,0,0,2.1001,2.1001,2.1001,0,NA,"",NA,3.0001,"EBA1,LBA,IA1,IA2",NA,178151,206
"40","NJS_127",324,"NJS","NJS_127_0_0","(Abu Kula)",0,0,0,5.0002,0,0,0,0,0,0,5.0003,0,5.0003,0,0,0,0,0,0,0,0,0,0,0,0,0,797428.27472,4063270.8198,1,5.0002,5.0003,5.0003,0,0,0,4.2939909816e-05,21,"",NA,5.0002,"EBA1,EBA2,MBA",NA,144753,210
"41","NJS_13",219,"NJS","NJS_13_0_0","",0,0,0,1.3004,0,0,0,0,0,0,0,0,1.3003,0,0,0,0,0,0,2e-04,0,0,0,0,0,0,794864.00424,4068440.5601,1,1.3004,0,1.3003,0,0,2e-04,0,NA,"",NA,1.3004,"EBA1,MBA,IA2",NA,160526,212
"42","NJS_137",334,"NJS","NJS_137_0_0","",0,0,0,1.44,0,0,0,0,0,0,0,0,0,0,0,0,0,0,0,0,0,0,0,0,0,0,780639.5815,4061680.6807,1,1.44,0,0,0,0,0,0,NA,"",NA,1.44,"EBA1",NA,84868,218
"43","NJS_14",220,"NJS","NJS_14_0_0","",0,0,0,1.9001,0,0,0,0,0,0,0,0,3.6001,0,3.6001,0,0,0.7001,0,0.4001,0,0,0,0,0,0,795967.86714,4068447.5022,1,1.9001,0,3.6001,3.6001,0.7001,0.4001,0,NA,"",NA,1.9001,"EBA1,MBA,LBA,IA1,IA2",NA,170449,220
"44","NJS_145",342,"NJS","NJS_145_0_0","",0,0,0,1.0001,0,0,0,0,0,0,0,0,0,0,0,0,0,0,0,2.1001,0,0,0,0,0,0,776352.683416667,4066475.00328333,1,1.0001,0,0,0,0,2.1001,0,NA,"",NA,1.0001,"EBA1,IA2",NA,176177,225
"45","NJS_17",223,"NJS","NJS_17_0_0","",0,0,0,1e-04,0,0,0,0,0,0,0,0,0,0,0,0,0,0,0,1.5001,0,0,0,0,0,0,791181.439166667,4071319.17046667,1,1e-04,0,0,0,0,1.5001,0,NA,"",NA,1.5001,"EBA1,IA2",NA,181948,240
"46","NJS_170",365,"NJS","NJS_170_0_0","",0,0,0,0.5001,0,0,0,0,0,0,0,0,0,0,0,0,0,0,0,0,0,0,0,0,0,0,775770.691066667,4069093.91993333,1,0.5001,0,0,0,0,0,0,NA,"",NA,0.5001,"EBA1",NA,178019,241
"47","NJS_177",372,"NJS","NJS_177_0_0","",0,0,0,1.0001,0,0,0,0,0,0,1.0001,0,0,0,0,0,0,0,0,0,0,0,0,0,0,0,769895.53535,4069181.34455,1,1.0001,1.0001,0,0,0,0,1.2025807746e-05,487,"",NA,1.0001,"EBA1,EBA2",NA,142854,244
"48","NJS_18",224,"NJS","NJS_18_0_0","",0,0,0,1.3001,0,0,0,0,0,0,0,0,1.3001,0,0,0,0,0,0,0.8001,0,0,0,0,0,0,791808.83315,4069835.8676,1,1.3001,0,1.3001,0,0,0.8001,0,NA,"",NA,1.3001,"EBA1,MBA,IA2",NA,160560,246
"49","NJS_19",226,"NJS","NJS_19_0_0","(Tell el-Butha)?",0,0,0,3.5001,0,0,0,0,0,0,0,0,6.0001,0,0,0,0,2.5001,0,0.4001,0,0,0,0,0,0,791045.227818182,4069095.38090909,1,3.5001,0,6.0001,2.5001,2.5001,0.4001,3.1636883212e-05,31,"",NA,3.5001,"EBA1,MBA,LBA,IA1,IA2",NA,156520,249
"50","NJS_2",209,"NJS","NJS_2_0_0","",0,0,0,2.7001,0,0,0,0,0,0,0,0,0,0,0,0,0,0,0,2.7001,0,0,0,0,0,0,792794.319025,4074381.519375,1,2.7001,0,0,0,0,2.7001,0,NA,"",NA,2.7001,"EBA1,IA2",NA,66711,250
"51","NJS_23",229,"NJS","NJS_23_0_0","(Mushiya)",0,0,0,5.0001,0,0,0,0,0,0,0,0,5.0001,0,0,0,0,0,0,0,0,0,0,0,0,0,799319.374133333,4068567.47576667,1,5.0001,0,5.0001,0,0,0,4.011215874e-06,379,"",NA,5.0001,"EBA1,MBA",NA,170311,253
"52","NJS_26",232,"NJS","NJS_26_0_0","(Tell el-Uwaynat 15)",0,0,0,1e-04,0,0,0,0,0,0,0,0,0,0,0,0,0,0,0,0,0,0,0,0,0,0,800290.2181,4067313.52875,1,1e-04,0,0,0,0,0,7.04482355e-06,504,"",NA,7.04482355e-06,"EBA1",NA,105037,255
"53","NJS_28",234,"NJS","NJS_28_0_0","",0,0,0,4.8001,0,0,0,0,0,0,0,0,0,0,0,0,0,0,0,0,0,0,0,0,0,0,791066.816166667,4072602.05493333,1,4.8001,0,0,0,0,0,0,NA,"",NA,4.8001,"EBA1",NA,172062,256
"54","NJS_29",235,"NJS","NJS_29_0_0","",0,0,0,8.9001,0,0,0,0,0,0,8.9001,0,8.9002,0,0,0,0,3e-04,0,3e-04,0,0,0,0,0,0,790366.5326,4073810.72766,1,8.9001,8.9001,8.9002,3e-04,3e-04,3e-04,0,NA,"",NA,8.9001,"EBA1,EBA2,MBA,LBA,IA1,IA2",NA,65469,257
"55","NJS_30",236,"NJS","NJS_30_0_0","",0,0,0,4.3001,0,0,0,0,0,0,0,0,3.4001,0,0,0,0,0.6001,0,1.3001,0,0,0,0,0,0,789206.028933333,4074918.67673333,1,4.3001,0,3.4001,0.6001,0.6001,1.3001,0,NA,"",NA,4.3001,"EBA1,MBA,LBA,IA1,IA2",NA,141625,259
"56","NJS_35",240,"NJS","NJS_35_0_0","",0,0,0,2e-04,0,0,0,0,0,0,0,0,0,0,0,0,0,0,0,1.8002,0,0,0,0,0,0,801746.6923,4067935.04305,1,2e-04,0,0,0,0,1.8002,0,NA,"",NA,1.8002,"EBA1,IA2",NA,184168,260
"57","NJS_37",241,"NJS","NJS_37_0_0","",0,0,0,1.5,0,0,0,0,0,0,0,0,0.7,0,0,0,0,1.7001,0,0.5001,0,0,0,0,0,0,803390.74525,4072279.2036875,1,1.5,0,0.7,1.7001,1.7001,0.5001,1.8687135521e-05,464,"",NA,1.5,"EBA1,MBA,LBA,IA1,IA2",NA,87775,261
"58","NJS_39",243,"NJS","NJS_39_0_0","",0,0,0,1.5002,0,0,0,0,0,0,0,0,2e-04,0,0,0,0,2e-04,0,0,0,0,0,0,0,0,803819.48418,4071087.5743,1,1.5002,0,2e-04,2e-04,2e-04,0,0,NA,"",NA,1.5002,"EBA1,MBA,LBA,IA1",NA,184297,263
"59","NJS_40",244,"NJS","NJS_40_0_0","",0,0,0,0.5001,0,0,0,0,0,0,1.9001,0,0,0,0,0,0,0,0,0.5001,0,0,0,0,0,0,805213.149466667,4071386.20273333,1,0.5001,1.9001,0,0,0,0.5001,0,NA,"",NA,0.5001,"EBA1,EBA2,IA2",NA,146189,264
"60","NJS_42",246,"NJS","NJS_42_0_0","",0,0,0,4.1001,0,0,0,0,0,0,2.5001,0,6.0001,0,0.7001,0,0,0.7001,0,3.0001,0,0,0,0,0,0,802952.587109091,4069857.60347273,1,4.1001,2.5001,6.0001,0.7001,0.7001,3.0001,1.4255301246e-05,320,"",NA,4.1001,"EBA1,EBA2,MBA,LBA,IA1,IA2",NA,195922,265
"61","NJS_44",248,"NJS","NJS_44_0_0","",0,0,0,1.1001,0,0,0,0,0,0,0,0,0,0,0,0,0,0,0,1.1001,0,0,0,0,0,0,801320.373375,4065588.185275,1,1.1001,0,0,0,0,1.1001,0,NA,"",NA,1.1001,"EBA1,IA2",NA,144380,267
"62","NJS_45",249,"NJS","NJS_45_0_0","",0,0,0,1.3001,0,0,0,0,0,0,0,0,2.5001,0,0,0,0,0.6001,0,0.6001,0,0,0,0,0,0,802343.4290875,4066882.07135,1,1.3001,0,2.5001,0.6001,0.6001,0.6001,0,NA,"",NA,1.3001,"EBA1,MBA,LBA,IA1,IA2",NA,80281,268
"63","NJS_48",252,"NJS","NJS_48_0_0","",0,0,0,22.9001,0,0,0,0,0,0,3.2001,0,22.5001,0,0,0,0,1.7001,0,18.9001,0,0,0,0,0,0,805011.2048,4069271.0296375,1,22.9001,3.2001,22.5001,1.7001,1.7001,18.9001,9.063194205e-06,540,"",NA,22.9001,"EBA1,EBA2,MBA,LBA,IA1,IA2",NA,160292,269
"64","NJS_49",254,"NJS","NJS_49_0_0","",0,0,0,1.9001,0,0,0,0,0,0,0,0,0,0,0,0,0,0,0,0,0,0,0,0,0,0,804969.776575,4068147.381675,1,1.9001,0,0,0,0,0,0,NA,"",NA,1.9001,"EBA1",NA,5879,270
"65","NJS_5",212,"NJS","NJS_5_0_0","",0,0,0,1.3001,0,0,0,0,0,0,0,0,0,0,0,0,0,0,0,0.7001,0,0,0,0,0,0,798462.13866,4072529.49216,1,1.3001,0,0,0,0,0.7001,0,NA,"",NA,1.3001,"EBA1,IA2",NA,190181,271
"66","NJS_50",255,"NJS","NJS_50_0_0","",0,0,0,1.6001,0,0,0,0,0,0,0,0,0,0,0,0,0,0,0,0.8001,0,0,0,0,0,0,803735.7356,4068091.177775,1,1.6001,0,0,0,0,0.8001,0,NA,"",NA,1.6001,"EBA1,IA2",NA,184877,272
"67","NJS_55",259,"NJS","NJS_55_0_0","",0,0,0,1e-04,0,0,0,0,0,0,0,0,0,0,0,0,0,0,0,0,0,0,0,0,0,0,806295.141533333,4068710.879,1,1e-04,0,0,0,0,0,0,NA,"",NA,NA,"EBA1",NA,31411,276
"68","NJS_57",261,"NJS","NJS_57_0_0","",0,0,0,1.3001,0,0,0,0,0,0,0.9001,0,0,0,0,0,0,0.9001,0,0.9001,0,0,0,0,0,0,807742.147933333,4069547.06603333,1,1.3001,0.9001,0,0.9001,0.9001,0.9001,0,NA,"",NA,1.3001,"EBA1,EBA2,LBA,IA1,IA2",NA,20484,277
"69","NJS_58",262,"NJS","NJS_58_0_0","",0,0,0,9.9001,0,0,0,0,0,0,0.4001,0,0.3001,0,0,0,0,0,0,2.5001,0,0,0,0,0,0,799045.973933333,4065838.78326667,1,9.9001,0.4001,0.3001,0,0,2.5001,3.995863338e-06,565,"",NA,9.9001,"EBA1,EBA2,MBA,IA2",NA,5737,278
"70","NJS_60",264,"NJS","NJS_60_0_0","",0,0,0,7.9001,0,0,0,0,0,0,0,0,0,0,0,0,0,0,0,0.7001,0,0,0,0,0,0,795941.742725,4065839.778375,1,7.9001,0,0,0,0,0.7001,0,NA,"",NA,7.9001,"EBA1,IA2",NA,113179,280
"71","NJS_61",265,"NJS","NJS_61_0_0","",0,0,0,1.0001,0,0,0,0,0,0,0,0,0,0,0,0,0,0,0,1.0001,0,0,0,0,0,0,795219.7519,4066536.4173,1,1.0001,0,0,0,0,1.0001,0,NA,"",NA,1.0001,"EBA1,IA2",NA,156459,281
"72","NJS_7",214,"NJS","NJS_7_0_0","",0,0,0,0.4001,0,0,0,0,0,0,0,0,0,0,0,0,0,0,0,0,0,0,0,0,0,0,794069.146675,4071086.079325,1,0.4001,0,0,0,0,0,0,NA,"",NA,0.4001,"EBA1",NA,82395,284
"73","NJS_72",276,"NJS","NJS_72_0_0","",0,0,0,1.0001,0,0,0,0,0,0,0,0,0,0,0,0,0,0,0,0,0,0,0,0,0,0,789593.477325,4075506.448275,1,1.0001,0,0,0,0,0,0,NA,"",NA,1.0001,"EBA1",NA,163368,286
"74","NJS_80",284,"NJS","NJS_80_0_0","",0,0,0,0.6001,0,0,0,0,0,0,0,0,0,0,0,0,0,0,0,0.6001,0,0,0,0,0,0,787446.558875,4072342.076175,1,0.6001,0,0,0,0,0.6001,0,NA,"",NA,0.6001,"EBA1,IA2",NA,151873,291
"75","NJS_86",291,"NJS","NJS_86_0_0","",0,0,0,1e-04,0,0,0,0,0,0,0,0,0,0,0,0,0,0,0,0,0,0,0,0,0,0,789657.8826,4067594.5578,1,1e-04,0,0,0,0,0,0,NA,"",NA,NA,"EBA1",NA,93638,293
"76","NJS_87",289,"NJS","NJS_87_0_0","",0,0,0,2.8001,0,0,0,0,0,0,0,0,0,0,0,0,0,0,0,0.6001,0,0,0,0,0,0,787984.84745,4067614.623525,1,2.8001,0,0,0,0,0.6001,0,NA,"",NA,2.8001,"EBA1,IA2",NA,187792,294
"77","NJS_9",216,"NJS","NJS_9_0_0","",0,0,0,2.4001,0,0,0,0,0,0,0,0,6.6001,0,0,0,0,6.6001,0,6.6001,0,0,0,0,0,0,798556.72546,4074200.07556,1,2.4001,0,6.6001,6.6001,6.6001,6.6001,0,NA,"",NA,2.4001,"EBA1,MBA,LBA,IA1,IA2",NA,125188,295
"78","NJS_90",293,"NJS","NJS_90_0_0","(Tell Abu Hajira / Tell 'Uqla Tahtani)",0,0,0,7.1001,0,0,0,0,0,0,6.1001,0,6.1001,0,0,0,0,0,0,0,0,0,0,0,0,0,786577.044966667,4073871.85543333,1,7.1001,6.1001,6.1001,0,0,0,1.4028916636e-05,615,"",NA,7.1001,"EBA1,EBA2,MBA",NA,167179,296
"79","NJS_91",294,"NJS","NJS_91_0_0","(Tell Talab)",0,0,0,14.8001,0,0,0,0,0,0,7.5001,0,10.0001,0,0,0,0,0,0,0,0,0,0,0,0,0,786052.68315,4071280.23383333,1,14.8001,7.5001,10.0001,0,0,0,1.5483044799e-05,281,"",NA,14.8001,"EBA1,EBA2,MBA",NA,155102,297
"80","NJS_92",383,"NJS","NJS_92_0_0","(Tell Uwaynat)",0,0,0,3.0001,0,0,0,0,0,0,1.5001,0,3.0001,0,0,0,0,0,0,0,0,0,0,0,0,0,803378.2702,4065117.92116667,1,3.0001,1.5001,3.0001,0,0,0,9.315951934e-06,334,"",NA,3.0001,"EBA1,EBA2,MBA",NA,151162,298
"81","NJS_93",295,"NJS","NJS_93_0_0","(Tell es-Samir)",0,0,0,10.0001,0,0,0,0,0,0,19.0001,0,19.0001,0,0,0,0,0,0,2.5001,0,0,0,0,0,0,782616.203816667,4071879.55705,1,10.0001,19.0001,19.0001,0,0,2.5001,2.2529714128e-05,878,"",NA,10.0001,"EBA1,EBA2,MBA,IA2",NA,53951,299
"82","NJS_94",296,"NJS","NJS_94_0_0","(Tell Samir 5)",0,0,0,2.9001,0,0,0,0,0,0,0,0,0,0,0,0,0,0,0,2.9001,0,0,0,0,0,0,783359.39844,4068802.0565,1,2.9001,0,0,0,0,2.9001,2.281262164e-06,495,"",NA,2.9001,"EBA1,IA2",NA,178914,300
"83","TBS_1",987,"TBS","TBS_1_0_0","Nabada (Tell Beidar)",9.0001,0,9.0001,0,9.0001,0,24.0001,0,9.0001,0,0,0,0,0,0,45.0001,0,0,0,45.0001,0,0,0,0,0,45.0001,641605.308025,4066901.683575,1,9.0001,24.0001,0,45.0001,0,45.0001,2.4633635551e-05,243,"",NA,9.0001,"EBA1,EBA2,LBA,IA2",NA,89213,304
"84","TBS_10",939,"TBS","TBS_10_0_0","",0,0,0,1.7701,0,0,0,0,0,0,0,1.7701,0,0,0,0,0,0,0,0,0,0,0,0,0,0,646623.0265,4066546.8076,1,1.7701,1.7701,0,0,0,0,4.112567006e-06,425,"",NA,1.7701,"EBA1,EBA2",NA,78802,305
"85","TBS_22",949,"TBS","TBS_22_0_0","(Bergul el-Buz)",0,0,0,0.9901,0,0,0,0,0,0,0.7901,0.7901,0,0,0,2.2181,0,0,0,0,0,2.2181,0,0,0,0,651543.4758,4062195.51755,1,0.9901,0.7901,0,2.2181,2.2181,2.2181,1.4341866595e-05,92,"",NA,0.9901,"EBA1,EBA2,LBA,IA1,IA2",NA,69528,312
"86","TBS_32",940,"TBS","TBS_32_0_0","(Tell Khatun)",0,0,0,1.7701,0,0,0,0,0,0,1.7701,0,0,0,0,0,0,0,0,0,0,3.5401,0,0,0,0,645443.3789,4071816.54553333,1,1.7701,1.7701,0,0,3.5401,3.5401,2.804518521e-06,904,"",NA,1.7701,"EBA1,EBA2,IA1,IA2",NA,182872,321
"87","TBS_35",957,"TBS","TBS_35_0_0","",0,0,0,1.5701,0,0,0,0,0,0,1.5701,0,0,0,0,0,0,0,0,0,0,0,0,0,0,0,646870.389,4073962.4469,1,1.5701,1.5701,0,0,0,0,8.86564286e-07,397,"",NA,1.5701,"EBA1,EBA2",NA,179336,322
"88","TBS_4",975,"TBS","TBS_4_0_0","(Tell Rajab)",0,0,0,0,0,0,0,0,0,0,4.7801,4.0801,0,0,0,0,0,0,0,0,0,1.2001,0,0,0,0,642686.35135,4063957.68025,1,4.0801,4.7801,0,0,1.2001,1.2001,1.6865961852e-05,633,"",NA,4.0801,"EBA1,EBA2,IA1,IA2",NA,91835,325
"89","TBS_43",978,"TBS","TBS_43_0_0","(Tell Hassek)",0,0,0,6e-04,0,0,0,0,0,0,6e-04,0,0,0,0,6e-04,27.792096,0,0,27.792096,0,5e-04,0,0,5e-04,0,639339.020488889,4071052.05813889,1,6e-04,6e-04,27.792096,27.792096,5e-04,27.792096,3.7738523536e-05,244,"",NA,27.792096,"EBA1,EBA2,MBA,LBA,IA1,IA2",NA,178729,329
"90","TBS_50",985,"TBS","TBS_50_0_0","(Tell Ghazal Fawqani)",0,0,0,0,0,0,0,0,0,0,0,0.8131,1.0601,0,0,0,0,0,0,0,0,0,0,0,0,0,634444.428533333,4072326.64846667,1,0.8131,0.8131,1.0601,0,0,0,7.995069133e-06,142,"",NA,0.8131,"EBA1,EBA2,MBA",NA,193979,333
"91","TBS_55",986,"TBS","TBS_55_0_0","(Tell Effendi)",0,0,0,1.4001,0,0,0,0,0,0,0.8401,0,0,0,0,0.8401,0,0,0,5e-04,0,1.4001,0,0,1.4001,0,651514.996927273,4071525.60441818,1,1.4001,0.8401,0,0.8401,1.4001,1.4001,2.4703703613e-05,389,"",NA,1.4001,"EBA1,EBA2,LBA,IA1,IA2",NA,98966,337
"92","TBS_59",984,"TBS","TBS_59_0_0","(Tell Jamil)",0,0,0,8.1161,0,0,0,0,0,0,7.8001,0,4.0001,0,0,8.6061,0,7.8001,0,0.4901,0,8.1161,0,0,0.3161,0,643613.97635,4061017.46168333,1,8.1161,7.8001,4.0001,8.6061,8.1161,8.1161,1.5272916576e-05,412,"",NA,8.1161,"EBA1,EBA2,MBA,LBA,IA1,IA2",NA,158819,339
"93","TBS_60",967,"TBS","TBS_60_0_0","Tell 'Aloni",0,0,0,1.88,0,0,0,0,0,0,1.88,0,0,0,0,0,0,0,0,0,0,0,0,0,0,0,644406.3571,4058443.9979,1,1.88,1.88,0,0,0,0,6.747677615e-06,894,"",NA,1.88,"EBA1,EBA2",NA,65594,341
"94","THS_1",1079,"THS","THS_1_0_0","(Tell Hamoukar)",0,0,0,101.4001,0,0,0,0,0,0,101.4001,0,0,0,0,0,0,0,0,0,0,0,0,3.1001,0,0,763870.77062,4078236.2007,1,101.4001,101.4001,0,0,0,0,0.000146706743812,208,"",NA,101.4001,"EBA1,EBA2",NA,93310,356
"95","THS_16",1094,"THS","THS_16_0_0","(Tell es-Sara)",0,0,0,2e-04,0,0,0,0,0,0,2e-04,0,2e-04,0,0,1.1001,0,0,0,0,0,0,1.1001,0,0,0,766072.948333333,4078644.0552,1,2e-04,2e-04,2e-04,1.1001,1.1001,1.1001,1.1634153832e-05,430,"",NA,1.1001,"EBA1,EBA2,MBA,LBA,IA1,IA2",NA,90518,362
"96","THS_41",1114,"THS","THS_41_0_0","(Tell Na'ur)",0,0,0,0.9001,0,0,0,0,0,0,1.6001,0,2.4001,0,0,0.8001,0,0,0,0,0,0,3.2001,0,0,0,760477.694590909,4071303.05560909,1,0.9001,1.6001,2.4001,0.8001,3.2001,3.2001,1.0313979912e-05,129,"",NA,0.9001,"EBA1,EBA2,MBA,LBA,IA1,IA2",NA,128101,377
"97","THS_51",1124,"THS","THS_51_0_0","",0,0,0,1e-04,0,0,0,0,0,0,1e-04,0,0,0,0,0,0,0,0,0,0,0,0,0,0,0,762503.4873,4078473.126,1,1e-04,1e-04,0,0,0,0,0,NA,"",NA,NA,"EBA1,EBA2",NA,12098,383
"98","",NA,"","","",NA,NA,NA,NA,NA,NA,NA,NA,NA,NA,NA,NA,NA,NA,NA,NA,NA,NA,NA,NA,NA,NA,NA,NA,NA,NA,669134.124149,4082752.7446,2,12,0,1e-04,0,0,0,1.8214450855e-05,774,"A?nakkum? (Chagar Bazar)",0,12,"EBA1,MBA",NA,175767,390
"99","",NA,"","","",NA,NA,NA,NA,NA,NA,NA,NA,NA,NA,NA,NA,NA,NA,NA,NA,NA,NA,NA,NA,NA,NA,NA,NA,NA,NA,662667.838689,4028462.78402,2,1e-04,1e-04,1e-04,1e-04,1e-04,1e-04,3.659594126e-06,435,"Dur-A??ur-ketti-le?er (Tell Bderi)",0,3.659594126e-06,"EBA1,EBA2,MBA,LBA,IA1,IA2",NA,191243,391
"100","",NA,"","","",NA,NA,NA,NA,NA,NA,NA,NA,NA,NA,NA,NA,NA,NA,NA,NA,NA,NA,NA,NA,NA,NA,NA,NA,NA,NA,689910.776453,4068020.59125,2,1e-04,1e-04,1e-04,1e-04,1e-04,1e-04,1.8309632907e-05,372,"Kahat (Tell Barri)",0,1.8309632907e-05,"EBA1,EBA2,MBA,LBA,IA1,IA2",NA,103642,393
"101","",NA,"","","",NA,NA,NA,NA,NA,NA,NA,NA,NA,NA,NA,NA,NA,NA,NA,NA,NA,NA,NA,NA,NA,NA,NA,NA,NA,NA,683912.955318,4059941.81042,2,1e-04,1e-04,1e-04,1e-04,1e-04,1e-04,0.00019157346683,738,"Nagar (Tell Brak)",0,0.00019157346683,"EBA1,EBA2,MBA,LBA,IA1,IA2",NA,104952,395
"102","",NA,"","","",NA,NA,NA,NA,NA,NA,NA,NA,NA,NA,NA,NA,NA,NA,NA,NA,NA,NA,NA,NA,NA,NA,NA,NA,NA,NA,693111.845064,4076651.24076,2,1e-04,1e-04,1e-04,245,1e-04,1e-04,2.3654855947e-05,557,"Taidu? (Tell Hamidiya)",0,2.3654855947e-05,"EBA1,EBA2,MBA,LBA,IA1,IA2",NA,190958,400
"103","",NA,"","","",NA,NA,NA,NA,NA,NA,NA,NA,NA,NA,NA,NA,NA,NA,NA,NA,NA,NA,NA,NA,NA,NA,NA,NA,NA,NA,677507.638352,4103138.20389,2,135,135,135,135,0,0,0.00014052979385,97,"Urke? (Mozan)",0,135,"EBA1,EBA2,MBA,LBA",NA,196753,401
"104","",NA,"","","",NA,NA,NA,NA,NA,NA,NA,NA,NA,NA,NA,NA,NA,NA,NA,NA,NA,NA,NA,NA,NA,NA,NA,NA,NA,NA,793776.519965,4064372.34499,3,1,0,0,0,0,0,0,NA,"(Khanijdal east)",0,1,"EBA1",NA,99489,402
"105","",NA,"","","",NA,NA,NA,NA,NA,NA,NA,NA,NA,NA,NA,NA,NA,NA,NA,NA,NA,NA,NA,NA,NA,NA,NA,NA,NA,NA,695605.379377,4091090.54695,3,1e-04,1e-04,0,0,0,0,0,NA,"(Tell Abu Dhuwil)",0,NA,"EBA1,EBA2",NA,189118,405
"106","",NA,"","","",NA,NA,NA,NA,NA,NA,NA,NA,NA,NA,NA,NA,NA,NA,NA,NA,NA,NA,NA,NA,NA,NA,NA,NA,NA,NA,648569.846822,4052577.51851,2,3,3,3,3,3,3,5.088876135e-06,839,"(Tell Abu Hafur)",0,3,"EBA1,EBA2,MBA,LBA,IA1,IA2",NA,179242,406
"107","",NA,"","","",NA,NA,NA,NA,NA,NA,NA,NA,NA,NA,NA,NA,NA,NA,NA,NA,NA,NA,NA,NA,NA,NA,NA,NA,NA,NA,646897.257182,4054729.31702,2,1e-04,1e-04,0,0,0,0,2.078394456e-06,481,"(Tell Abu Hujeira I)",0,2.078394456e-06,"EBA1,EBA2",NA,163722,407
"108","",NA,"","","",NA,NA,NA,NA,NA,NA,NA,NA,NA,NA,NA,NA,NA,NA,NA,NA,NA,NA,NA,NA,NA,NA,NA,NA,NA,NA,680203.629802,4082687.87738,2,38,38,38,38,38,38,2.1436780381e-05,636,"(Tell 'Arbid)",0,38,"EBA1,EBA2,MBA,LBA,IA1,IA2",NA,183602,408
"109","",NA,"","","",NA,NA,NA,NA,NA,NA,NA,NA,NA,NA,NA,NA,NA,NA,NA,NA,NA,NA,NA,NA,NA,NA,NA,NA,NA,NA,618557.447793,4047769.16574,2,22,22,0,0,0,0,5.711419416e-06,111,"(Tell Hamam Gharbi)",0,22,"EBA1,EBA2",NA,188483,410
"110","",NA,"","","",NA,NA,NA,NA,NA,NA,NA,NA,NA,NA,NA,NA,NA,NA,NA,NA,NA,NA,NA,NA,NA,NA,NA,NA,NA,NA,621616.342127,4045815.48557,2,15,15,0,0,0,0,1.667090819e-05,450,"(Tell Hamam Sharqi)",0,15,"EBA1,EBA2",NA,189633,411
"111","",NA,"","","",NA,NA,NA,NA,NA,NA,NA,NA,NA,NA,NA,NA,NA,NA,NA,NA,NA,NA,NA,NA,NA,NA,NA,NA,NA,NA,650830.956275,4050195.1243,2,1.8,0,0,0,0,0,4.117112847e-06,72,"(Tell Jassas)?",0,1.8,"EBA1",NA,159900,412
"112","",NA,"","","",NA,NA,NA,NA,NA,NA,NA,NA,NA,NA,NA,NA,NA,NA,NA,NA,NA,NA,NA,NA,NA,NA,NA,NA,NA,NA,666449.37771,4033472.76558,2,1e-04,1e-04,0,0,0,0,5.07133531e-07,224,"(Tell Judayda)",0,5.07133531e-07,"EBA1,EBA2",NA,162976,413
"113","",NA,"","","",NA,NA,NA,NA,NA,NA,NA,NA,NA,NA,NA,NA,NA,NA,NA,NA,NA,NA,NA,NA,NA,NA,NA,NA,NA,NA,646745.911791,4055844.20262,2,1e-04,1e-04,0,0,0,0,4.838712717e-06,54,"(Tell Kashkashok III)",0,4.838712717e-06,"EBA1,EBA2",NA,124787,414
"114","",NA,"","","",NA,NA,NA,NA,NA,NA,NA,NA,NA,NA,NA,NA,NA,NA,NA,NA,NA,NA,NA,NA,NA,NA,NA,NA,NA,NA,574713.28901,4067969.9223,2,40,0,0,0,0,0,3.9594582677e-05,375,"(Tell Khanzir)",0,40,"EBA1",NA,188580,415
"115","",NA,"","","",NA,NA,NA,NA,NA,NA,NA,NA,NA,NA,NA,NA,NA,NA,NA,NA,NA,NA,NA,NA,NA,NA,NA,NA,NA,NA,669405.923391,4058968.4715,2,3,3,0,0,0,0,4.674650599e-06,837,"(Tell Khazna I)",0,3,"EBA1,EBA2",NA,85060,416
"116","",NA,"","","",NA,NA,NA,NA,NA,NA,NA,NA,NA,NA,NA,NA,NA,NA,NA,NA,NA,NA,NA,NA,NA,NA,NA,NA,NA,NA,630410.483646,4041151.56004,2,44,44,0,0,44,44,5.3624696474e-05,545,"(Tell Mabtuh esh-Sharqi)",0,44,"EBA1,EBA2,IA1,IA2",NA,185851,417
"117","",NA,"","","",NA,NA,NA,NA,NA,NA,NA,NA,NA,NA,NA,NA,NA,NA,NA,NA,NA,NA,NA,NA,NA,NA,NA,NA,NA,NA,662449.500143,4030423.75103,2,1e-04,1e-04,0,0,0,0,2.767560889e-06,810,"(Tell Melebiya)",0,2.767560889e-06,"EBA1,EBA2",NA,179657,418
"118","",NA,"","","",NA,NA,NA,NA,NA,NA,NA,NA,NA,NA,NA,NA,NA,NA,NA,NA,NA,NA,NA,NA,NA,NA,NA,NA,NA,NA,664186.039153,4037399.12,2,1.3,1.3,1.3,1.3,1.3,1.3,1.993243655e-06,204,"(Tell Rad Shaqrah)",0,1.3,"EBA1,EBA2,MBA,LBA,IA1,IA2",NA,182701,419
"119","",NA,"","","",NA,NA,NA,NA,NA,NA,NA,NA,NA,NA,NA,NA,NA,NA,NA,NA,NA,NA,NA,NA,NA,NA,NA,NA,NA,NA,666015.913576,4034370.90036,2,0.5,0.5,0,0,0,0,3.97694013e-07,187,"(Tell Raqa'i)",0,0.5,"EBA1,EBA2",NA,121474,420
"120","",NA,"","","",NA,NA,NA,NA,NA,NA,NA,NA,NA,NA,NA,NA,NA,NA,NA,NA,NA,NA,NA,NA,NA,NA,NA,NA,NA,NA,667282.056048,4032179.15087,3,40,40,40,40,40,40,0,NA,"(Tell Tnenir)",0,40,"EBA1,EBA2,MBA,LBA,IA1,IA2",NA,438,421
"121","",NA,"","","",NA,NA,NA,NA,NA,NA,NA,NA,NA,NA,NA,NA,NA,NA,NA,NA,NA,NA,NA,NA,NA,NA,NA,NA,NA,NA,656800.566374,4046308.29688,2,1e-04,1e-04,1e-04,1e-04,1e-04,1e-04,5.610914489e-06,549,"(Tell Zaghan)",0,5.610914489e-06,"EBA1,EBA2,MBA,LBA,IA1,IA2",NA,181973,422
