"","id","Site_ID","FID_1","Datst_1","Mj_ID_1","Site_Nm","EJZ1","EJZ1_2","EJZ2","NINV","EJZ3a","EJZ3","EJZ3b","AKK","EJZ4","EJZ4C","LTM","EBA_FCP","KHA","MBA_LBA","NUZI","LBA","SM","MASS","EIA_FCP","LASS","MIA_FCP","EIA_MIA","IA","IA_FCP","LIA","PASS","POINT_X","POINT_Y","cnfdnc_","EBA1","EBA2","MBA","LBA_brd","IA1","IA2","Tuna_sz","Tn_plyg","Name","POINT_Z","Size","Period","Tuna","sizeCat"
"1","1","LLN_1",1,"LLN","LLN_1_0_0","Tell Leilan",90.0001,0,90.0002,0,0,90.0002,0,90.0002,0,0,0,0,90.0002,0,90.0001,0,0,90.0001,0,0,0,0,0,0,0,0,723066.155066667,4093173.05456667,90.0002,90.0001,90.0002,90.0002,90.0001,90.0001,0,8.5951373544e-05,102,"",NA,90.0002,"EBA1,EBA2,MBA,LBA,IA1",NA,6
"2","10","LLN_11",165,"LLN","LLN_11_0_0","Rehaya 3",0,0,0,0,0,0,0,0,0,0,0,0,3.48,0,0,0,0,3.48,0,0,0,0,0,0,0,0,721973.8914,4085600.1901,3.48,0,0,3.48,3.48,3.48,0,0,NA,"",NA,3.48,"MBA,LBA,IA1",NA,2
"3","100","LLN_267",138,"LLN","LLN_267_0_0","Hissu Ratla",0,0,0,0,0,0,0,0,0,0,0,0,1,0,0,0,0,0,0,0,0,0,0,0,0,0,739111.8191,4093192.6682,1,0,0,1,0,0,0,0,NA,"",NA,1,"MBA",NA,1
"4","101","LLN_27",139,"LLN","LLN_27_0_0","",0,0,0,0,0,0,0,0,0,0,1e-04,0,1e-04,0,0,0,0,0,0,0,0,0,0,0,0,0,734450.7486,4079593.0818,NA,0,1e-04,1e-04,0,0,0,0,NA,"",NA,2.1,"EBA2,MBA",NA,8
"5","102","LLN_270",140,"LLN","LLN_270_0_0","Tubiz",0,0,0,0,0,0,0,4.06,0,0,0,0,4.06,0,0,0,0,0,0,0,0,0,0,0,0,0,731508.2596,4079746.8855,4.06,0,4.06,4.06,0,0,0,0,NA,"",NA,4.06,"EBA2,MBA",NA,2
"6","103","LLN_271",83,"LLN","LLN_271_0_0","Abu Kabira West",0,0,0,0,0,0,0,0,0,0,0,0,0.95,0,0,0,0,0,0,0,0,0,0,0,0,0,732284.7724,4078740.2134,0.95,0,0,0.95,0,0,0,2.41777043e-06,798,"",NA,0.95,"MBA",NA,1
"7","104","LLN_272",84,"LLN","LLN_272_0_0","(Tell Abu Qbara)",0,0,0,0,0,0,0,1e-04,0,0,0,0,1e-04,0,1e-04,0,0,0,0,0,0,0,0,0,0,0,733421.784,4078444.2742,1.1568446004e-05,0,1e-04,1e-04,1e-04,0,0,1.1568446004e-05,666,"",NA,1.1568446004e-05,"EBA2,MBA,LBA",NA,1
"8","105","LLN_273",36,"LLN","LLN_273_0_0","Tahin",0,0,0,0,0,8.32,0,8.32,0,0,0,0,8.32,0,0,0,0,0,0,0,0,0,0,0,0,0,728981.3292,4074340.6605,8.32,0,8.32,8.32,0,0,0,7.468759739e-06,531,"",NA,8.32,"EBA2,MBA",NA,3
"9","106","LLN_276",37,"LLN","LLN_276_0_0","Atwiyeh",0,0,0,0,0,0,0,0,0,0,0,0,5.51,0,0,0,0,0,0,0,0,0,0,0,0,0,730862.528,4076435.082,5.51,0,0,5.51,0,0,0,6.44446048e-06,521,"",NA,5.51,"MBA",NA,3
"10","107","LLN_277",141,"LLN","LLN_277_0_0","Hbeth",0,0,0,0,0,0,0,0,0,0,0,0,3.6,0,0,0,0,0,0,0,0,0,0,0,0,0,727536.1086,4075978.5604,3.6,0,0,3.6,0,0,0,0,NA,"",NA,3.6,"MBA",NA,2
"11","108","LLN_279",85,"LLN","LLN_279_0_0","Abtakh Fowqani",0,0,0,0,0,0,0,6,0,0,0,0,6,0,6,0,0,6,0,0,0,0,0,0,0,0,725736.4474,4077364.3441,6,0,6,6,6,6,0,1.3685075777e-05,23,"",NA,6,"EBA2,MBA,LBA,IA1",NA,3
"12","109","LLN_28",180,"LLN","LLN_28_0_0","",0,0,0,0,0,0,0,0,0,0,0,0,1e-04,0,0,0,0,0,0,0,0,0,0,0,0,0,722113.7326,4085644.1402,NA,0,0,1e-04,0,0,0,0,NA,"",NA,2.1,"MBA",NA,8
"13","11","LLN_112",68,"LLN","LLN_112_0_0","Taya",0,3.4,3.4,0,0,3.4,0,0,0,0,0,0,3.4,0,0,0,0,3.4,0,0,0,0,0,0,0,0,723918.5952,4085425.0403,3.4,3.4,3.4,3.4,3.4,3.4,0,1.1613194806e-05,357,"",NA,3.4,"EBA1,EBA2,MBA,LBA,IA1",NA,2
"14","110","LLN_280",86,"LLN","LLN_280_0_0","Umm Adam",0,0,0,0,0,0,0,0,0,0,0,0,18.24,0,0,0,0,0,0,0,0,0,0,0,0,0,736539.3816,4077850.4101,18.24,0,0,18.24,0,0,0,0,NA,"",NA,18.24,"MBA",NA,4
"15","111","LLN_282",39,"LLN","LLN_282_0_0","(Tell Sa'adun)",0,0,0,0,0,0,0,0,0,0,0,0,1e-04,0,1e-04,0,0,0,0,0,0,0,0,0,0,0,734092.7446,4075732.0785,6.310555118e-06,0,0,1e-04,1e-04,0,0,6.310555118e-06,786,"",NA,6.310555118e-06,"MBA,LBA",NA,1
"16","112","LLN_283",112,"LLN","LLN_283_0_0","Abu Batakh",0,0,0,0,0,0,0,0,0,0,0,0,1.32,0,1.32,0,0,1.32,0,0,0,0,0,0,0,0,730465.1842,4073801.81,1.32,0,0,1.32,1.32,1.32,0,0,NA,"",NA,1.32,"MBA,LBA,IA1",NA,2
"17","113","LLN_285",111,"LLN","LLN_285_0_0","Wadahiya",0,0,0,0,0,0,0,0,0,0,0,0,2.24,0,2.24,0,0,2.24,0,0,0,0,0,0,0,0,732535.6927,4074029.6903,2.24,0,0,2.24,2.24,2.24,0,3.421621767e-06,753,"",NA,2.24,"MBA,LBA,IA1",NA,2
"18","114","LLN_292",33,"LLN","LLN_292_0_0","Aweinat el-Amrin 3",0,0,0,0,0,0,0,2.72,0,0,0,0,2.72,0,2.72,0,0,2.72,0,0,0,0,0,0,0,0,719424.4392,4079018.0852,2.72,0,2.72,2.72,2.72,2.72,0,1.3562129941e-05,703,"",NA,2.72,"EBA2,MBA,LBA,IA1",NA,2
"19","115","LLN_293",142,"LLN","LLN_293_0_0","Aweinat el-Amrin 4",0,0,0,0,0,0,0,0,0,0,0,0,2.125,0,2.125,0,0,0,0,0,0,0,0,0,0,0,714422.2346,4074506.9957,2.125,0,0,2.125,2.125,0,0,0,NA,"",NA,2.125,"MBA,LBA",NA,2
"20","116","LLN_296",143,"LLN","LLN_296_0_0","Abu Qbeir North",0,0,0,0,0,0,0,0,0,0,0,0,4.32,0,0,0,0,0,0,0,0,0,0,0,0,0,712383.9818,4073135.5787,4.32,0,0,4.32,0,0,0,0,NA,"",NA,4.32,"MBA",NA,2
"21","117","LLN_3",8,"LLN","LLN_3_0_0","Nasran",0,0,0,0,0,0,0,0,0,0,0,0,0.35,0,0,0,0,0,0,0,0,0,0,0,0,0,721413.8391,4099170.3426,0.35,0,0,0.35,0,0,0,0,NA,"",NA,0.35,"MBA",NA,1
"22","118","LLN_301",35,"LLN","LLN_301_0_0","Majjreinat North",0,0,0,0,0,0,0,0,0,0,0,0,0.817128235,0,0,0,0,0.817128235,0,0,0,0,0,0,0,0,715457.1842,4072094.3513,0.817128235,0,0,0.817128235,0.817128235,0.817128235,0,0,NA,"",NA,0.817128235,"MBA,LBA,IA1",NA,1
"23","119","LLN_302",87,"LLN","LLN_302_0_0","Na'am Jallad",0,0,0,0,0,0,0,2.38,0,2.38,0,0,2.38,0,0,0,0,0,0,0,0,0,0,0,0,0,723219.3586,4071944.7147,2.38,0,2.38,2.38,0,0,0,1.8364488191e-05,186,"",NA,2.38,"EBA2,MBA",NA,2
"24","12","LLN_114",166,"LLN","LLN_114_0_0","Hormor 2",0,0,0,0,0,0,0,0,0,0,0,0,1.02,0,0,0,0,0,0,0,0,0,0,0,0,0,721909.964,4085600.1901,1.02,0,0,1.02,0,0,0,0,NA,"",NA,1.02,"MBA",NA,2
"25","120","LLN_307",115,"LLN","LLN_307_0_0","Hassawiyah Tahtani",0,0,0,0,0,0,0,0.85,0,0,0,0,0.85,0,0,0,0,0.85,0,0,0,0,0,0,0,0,716712.7759,4073155.0375,0.85,0,0.85,0.85,0.85,0.85,0,0,NA,"",NA,0.85,"EBA2,MBA,LBA,IA1",NA,1
"26","121","LLN_308",144,"LLN","LLN_308_0_0","Na'am Hayar",0,0,0,0,0,0,0,2.56,0,0,0,0,2.56,0,2.56,0,0,2.56,0,0,0,0,0,0,0,0,719515.0267,4071976.55,2.56,0,2.56,2.56,2.56,2.56,0,0,NA,"",NA,2.56,"EBA2,MBA,LBA,IA1",NA,2
"27","124","LLN_315",145,"LLN","LLN_315_0_0","Qabbaniyat Awda",0,0,0,0,0,0,0,0,0,0,0,0,3.976078134,0,0,0,0,0,0,0,0,0,0,0,0,0,736485.293,4093539.9083,3.976078134,0,0,3.976078134,0,0,0,0,NA,"",NA,3.976078134,"MBA",NA,2
"28","125","LLN_322",146,"LLN","LLN_322_0_0","Outeldja",0,0,1e-04,0,0,0,0,0,0,0,0,0,1e-04,0,0,0,0,0,0,0,0,0,0,0,0,0,733536.0444,4107222.4877,NA,0,1e-04,1e-04,0,0,0,0,NA,"",NA,2.1,"EBA2,MBA",NA,8
"29","126","LLN_323",147,"LLN","LLN_323_0_0","Said",0,0,0,0,0,0,0,0,0,0,0,0,0.78539815,0,0,0,0,0,0,0,0,0,0,0,0,0,734841.4495,4109833.2979,0.78539815,0,0,0.78539815,0,0,0,0,NA,"",NA,0.78539815,"MBA",NA,1
"30","127","LLN_33",183,"LLN","LLN_33_0_0","",0,0,0,0,0,0,0,0,0,0,1e-04,0,1e-04,0,0,0,0,0,0,0,0,0,0,0,0,0,722025.8324,4085839.9179,NA,0,1e-04,1e-04,0,0,0,0,NA,"",NA,2.1,"EBA2,MBA",NA,8
"31","128","LLN_330",149,"LLN","LLN_330_0_0","Ziwan",0,0,0,0,0,0,0,0,0,0,0,0,0.950331762,0,0,0,0,0,0,0,0,0,0,0,0,0,707871.4098,4104470.8156,0.950331762,0,0,0.950331762,0,0,0,0,NA,"",NA,0.950331762,"MBA",NA,1
"32","129","LLN_332",184,"LLN","LLN_332_0_0","",0,0,0,0,0,0,0,0,0,0,0,0,1e-04,0,0,0,0,0,0,0,0,0,0,0,0,0,721965.9004,4085871.8817,NA,0,0,1e-04,0,0,0,0,NA,"",NA,2.1,"MBA",NA,8
"33","13","LLN_115",69,"LLN","LLN_115_0_0","Siha Kabira",0,0,0,0,0,0,0,0,0,0,0,0,5,0,0,0,0,0,0,0,0,0,0,0,0,0,717740.4857,4094161.164,5,0,0,5,0,0,0,0,NA,"",NA,5,"MBA",NA,2
"34","130","LLN_335",150,"LLN","LLN_335_0_0","Boutha",0,0,0,0,0,0,0,0.7,0,0,0,0,0.7,0,0,0,0,0,0,0,0,0,0,0,0,0,716428.9178,4059871.192,0.7,0,0.7,0.7,0,0,0,0,NA,"",NA,0.7,"EBA2,MBA",NA,1
"35","131","LLN_34",101,"LLN","LLN_34_0_0","Gir Margue",0,2.52,2.52,0,0,2.52,0,2.52,0,2.52,0,0,2.52,0,0,0,0,0,0,0,0,0,0,0,0,0,735718.9455,4098192.0107,2.52,2.52,2.52,2.52,0,0,0,1.534801748e-06,112,"",NA,2.52,"EBA1,EBA2,MBA",NA,2
"36","133","LLN_35",15,"LLN","LLN_35_0_0","Guirdem Halime",0,5,5,0,0,5,0,5,0,0,0,0,5,0,0,0,0,0,0,0,0,0,0,0,0,0,733297.1358,4101108.6419,5,5,5,5,0,0,0,1.3829134334e-05,719,"",NA,5,"EBA1,EBA2,MBA",NA,2
"37","134","LLN_36",185,"LLN","LLN_36_0_0","",0,0,0,1e-04,0,0,0,0,0,0,1e-04,0,1e-04,0,0,0,0,0,0,0,0,0,0,0,0,0,721881.9957,4085819.9406,NA,1e-04,1e-04,1e-04,0,0,0,0,NA,"",NA,2.1,"EBA1,EBA2,MBA",NA,8
"38","135","LLN_37",2,"LLN","LLN_37_0_0","",0,0,0,0,0,0,0,0,0,0,0,0,1e-04,0,0,0,0,0,0,0,0,0,0,0,0,0,723768.8908,4095160.3848,NA,0,0,1e-04,0,0,0,0,NA,"",NA,2.1,"MBA",NA,8
"39","136","LLN_38",186,"LLN","LLN_38_0_0","",0,0,0,1e-04,0,0,0,0,0,0,1e-04,0,1e-04,0,0,0,0,0,0,0,0,0,0,0,0,0,721826.0592,4085791.9724,NA,1e-04,1e-04,1e-04,0,0,0,0,NA,"",NA,2.1,"EBA1,EBA2,MBA",NA,8
"40","137","LLN_39",187,"LLN","LLN_39_0_0","",0,0,0,0,0,0,0,0,0,0,0,0,1e-04,0,0,0,0,0,0,0,0,0,0,0,0,0,721802.0864,4085752.0177,NA,0,0,1e-04,0,0,0,0,NA,"",NA,2.1,"MBA",NA,8
"41","138","LLN_40",188,"LLN","LLN_40_0_0","",0,0,0,0,0,0,0,0,0,0,0,0,1e-04,0,0,0,0,0,0,0,0,0,0,0,0,0,721774.1182,4085692.0858,NA,0,0,1e-04,0,0,0,0,NA,"",NA,2.1,"MBA",NA,8
"42","139","LLN_42",189,"LLN","LLN_42_0_0","",0,0,0,0,0,0,0,0,0,0,0,0,1e-04,0,0,0,0,0,0,0,0,0,0,0,0,0,721810.0774,4085636.1493,NA,0,0,1e-04,0,0,0,0,NA,"",NA,2.1,"MBA",NA,8
"43","14","LLN_118",119,"LLN","LLN_118_0_0","Shibaniyeh",0,0,0,0,0,0,0,0,0,0,0,0,1.2,0,0,0,0,0,0,0,0,0,0,0,0,0,712552.8662,4091896.0649,1.2,0,0,1.2,0,0,0,0,NA,"",NA,1.2,"MBA",NA,2
"44","140","LLN_43",190,"LLN","LLN_43_0_0","",0,0,0,0,0,0,0,0,0,0,0,0,1e-04,0,0,0,0,0,0,0,0,0,0,0,0,0,721802.0864,4085584.2082,NA,0,0,1e-04,0,0,0,0,NA,"",NA,2.1,"MBA",NA,8
"45","141","LLN_44",20,"LLN","LLN_44_0_0","Mutu",0,0,0,0,0,4.1,0,0,0,0,0,0,4.1,0,0,0,0,0,0,0,0,0,0,0,0,0,721385.8056,4089265.0609,4.1,0,4.1,4.1,0,0,0,0,NA,"",NA,4.1,"EBA2,MBA",NA,2
"46","142","LLN_46",191,"LLN","LLN_46_0_0","",0,0,0,0,0,0,0,0,0,0,0,0,1e-04,0,0,0,0,0,0,0,0,0,0,0,0,0,721834.0501,4085536.2627,NA,0,0,1e-04,0,0,0,0,NA,"",NA,2.1,"MBA",NA,8
"47","143","LLN_47",21,"LLN","LLN_47_0_0","Hamara",0,2.04,2.04,0,0,2.04,0,0,0,0,0,0,2.04,0,0,0,0,0,0,0,0,0,0,0,0,0,721634.1165,4086708.9056,2.04,2.04,2.04,2.04,0,0,0,3.701807156e-06,321,"",NA,2.04,"EBA1,EBA2,MBA",NA,2
"48","144","LLN_48",192,"LLN","LLN_48_0_0","",0,0,0,0,0,0,0,0,0,0,0,0,1e-04,0,0,0,0,0,0,0,0,0,0,0,0,0,721878.0002,4085504.299,NA,0,0,1e-04,0,0,0,0,NA,"",NA,2.1,"MBA",NA,8
"49","145","LLN_49",50,"LLN","LLN_49_0_0","Qarassa",0,10.9,0,0,0,0,0,10.9,0,0,0,0,10.9,0,10.9,0,0,10.9,0,0,0,0,0,0,0,0,720576.4412,4078638.8408,10.9,10.9,10.9,10.9,10.9,10.9,0,0,NA,"",NA,10.9,"EBA1,EBA2,MBA,LBA,IA1",NA,4
"50","146","LLN_50",193,"LLN","LLN_50_0_0","",0,0,0,0,0,0,0,0,0,0,0,0,1e-04,0,0,0,0,0,0,0,0,0,0,0,0,0,722009.8506,4085484.3216,NA,0,0,1e-04,0,0,0,0,NA,"",NA,2.1,"MBA",NA,8
"51","147","LLN_51",152,"LLN","LLN_51_0_0","Qotba Tahtani",0,2.25,2.25,0,0,2.25,0,0,0,0,0,0,2.25,0,0,0,0,0,0,0,0,0,0,0,0,0,719942.2424,4095237.0037,2.25,2.25,2.25,2.25,0,0,0,0,NA,"",NA,2.25,"EBA1,EBA2,MBA",NA,2
"52","148","LLN_52",6,"LLN","LLN_52_0_0","Aziz",0,2.5536,2.5536,0,0,2.5536,0,2.5536,0,0,0,0,2.5536,0,0,0,0,0,0,0,0,0,0,0,0,0,726356.4286,4101013.2091,2.5536,2.5536,2.5536,2.5536,0,0,0,0,NA,"",NA,2.5536,"EBA1,EBA2,MBA",NA,2
"53","149","LLN_54",51,"LLN","LLN_54_0_0","Abu Khazaf",0,6.8,0,6.8,0,0,0,6.8,0,0,0,0,6.8,0,0,0,0,0,0,0,0,0,0,0,0,0,716144.1041,4083231.2352,6.8,6.8,6.8,6.8,0,0,0,1.4426159502e-05,317,"",NA,6.8,"EBA1,EBA2,MBA",NA,3
"54","15","LLN_12",16,"LLN","LLN_12_0_0","Awda",3.52,0,3.52,0,0,3.52,0,3.52,0,0,0,0,3.52,0,0,0,0,0,0,0,0,0,0,0,0,0,734992.3783,4092482.7708,3.52,3.52,3.52,3.52,0,0,0,4.498039214e-06,628,"",NA,3.52,"EBA1,EBA2,MBA",NA,2
"55","150","LLN_55",19,"LLN","LLN_55_0_0","Mohammed Diyab",43,0,43,0,0,43,0,43,0,43,0,0,43,0,43,0,0,43,0,0,0,0,0,0,0,0,728393.4121,4089588.6093,43,43,43,43,43,43,0,9.760890266e-06,689,"",NA,43,"EBA1,EBA2,MBA,LBA,IA1",NA,5
"56","151","LLN_57",194,"LLN","LLN_57_0_0","",0,0,0,0,0,0,0,0,0,0,0,0,1e-04,0,0,0,0,0,0,0,0,0,0,0,0,0,722081.7689,4085520.2808,NA,0,0,1e-04,0,0,0,0,NA,"",NA,2.1,"MBA",NA,8
"57","152","LLN_58",151,"LLN","LLN_58_0_0","Zahara Saghira",0,0,0,0,0,0,0,0,0,0,0,0,5.85,0,0,0,0,0,0,0,0,0,0,0,0,0,715476.4159,4050399.0897,5.85,0,0,5.85,0,0,0,0,NA,"",NA,5.85,"MBA",NA,3
"58","153","LLN_59",25,"LLN","LLN_59_0_0","(Tell Chermoukh)",1e-04,0,1e-04,0,0,1e-04,0,1e-04,0,0,0,0,1e-04,0,0,0,0,0,0,0,0,0,0,0,0,0,712485.7021,4085005.0733,7.910593616e-06,1e-04,1e-04,1e-04,0,0,0,7.910593616e-06,542,"",NA,7.910593616e-06,"EBA1,EBA2,MBA",NA,1
"59","154","LLN_60",32,"LLN","LLN_60_0_0","Abu Farah",6.38,0,6.38,0,0,6.38,0,6.38,0,6.38,0,0,6.38,0,0,0,0,0,0,0,0,0,0,0,0,0,733890.5264,4086178.6153,6.38,6.38,6.38,6.38,0,0,0,3.0407164301e-05,664,"",NA,6.38,"EBA1,EBA2,MBA",NA,3
"60","155","LLN_61",153,"LLN","LLN_61_0_0","Abu Hajjeira",0,0,0,0,0,0,0,3.042,0,0,0,0,3.042,0,0,0,0,0,0,0,0,0,0,0,0,0,736090.3657,4088672.1338,3.042,0,3.042,3.042,0,0,0,1.0726635194e-05,611,"",NA,3.042,"EBA2,MBA",NA,2
"61","156","LLN_62",18,"LLN","LLN_62_0_0","Nabua",0,0,0,0,0,1.767145838,0,0,0,0,0,0,1.767145838,0,0,0,0,1.767145838,0,0,0,0,0,0,0,0,730930.56,4092465.965,1.767145838,0,1.767145838,1.767145838,1.767145838,1.767145838,0,2.501169237e-06,150,"",NA,1.767145838,"EBA2,MBA,LBA,IA1",NA,2
"62","157","LLN_63",52,"LLN","LLN_63_0_0","Wulayqi Thirthar",0,0,0,0,0,2,0,2,0,0,0,0,2,0,0,0,0,0,0,0,0,0,0,0,0,0,726726.6898,4091212.1779,2,0,2,2,0,0,0,0,NA,"",NA,2,"EBA2,MBA",NA,2
"63","158","LLN_64",100,"LLN","LLN_64_0_0","Wulayqi West",0,0,0,0,0,0,0,0,0,0,0,0,5.25,0,0,0,0,0,0,0,0,0,0,0,0,0,733032.4947,4093063.0224,5.25,0,0,5.25,0,0,0,1.474673128e-06,462,"",NA,5.25,"MBA",NA,3
"64","159","LLN_65",53,"LLN","LLN_65_0_0","",0,0,0,0,0,0,0,0,0,0,0,0,1e-04,0,0,0,0,0,0,0,0,0,0,0,0,0,726640.1021,4088710.1451,5,0,0,1e-04,0,0,0,0,NA,"",NA,0.68,"MBA",NA,1
"65","16","LLN_120",70,"LLN","LLN_120_0_0","Arbat",1.08,0,1.08,0,0,1.08,0,0,0,0,0,0,1.08,0,0,0,0,0,0,0,0,0,0,0,0,0,703147.424,4096543.543,1.08,1.08,1.08,1.08,0,0,0,2.152046488e-06,152,"",NA,1.08,"EBA1,EBA2,MBA",NA,2
"66","160","LLN_66",195,"LLN","LLN_66_0_0","Sufiyah",0,0,1,0,0,0,0,0,0,0,0,0,1,0,1,0,0,0,0,0,0,0,0,0,0,0,722153.6873,4085580.2128,1,0,1,1,1,0,0,0,NA,"",NA,1,"EBA2,MBA,LBA",NA,1
"67","161","LLN_67",196,"LLN","LLN_67_0_0","",0,0,0,0,0,0,0,0,0,0,0,0,1e-04,0,0,0,0,0,0,0,0,0,0,0,0,0,722169.6691,4085644.1402,NA,0,0,1e-04,0,0,0,0,NA,"",NA,2.1,"MBA",NA,8
"68","162","LLN_68",154,"LLN","LLN_68_0_0","",0,0,0,0.5,0,0,0,0,0,0,0.5,0,0.5,0,0,0,0,0,0,0,0,0,0,0,0,0,723624.6354,4087689.7596,0.5,0.5,0.5,0.5,0,0,0,0,NA,"",NA,0.5,"EBA1,EBA2,MBA",NA,1
"69","163","LLN_69",54,"LLN","LLN_69_0_0","",0,0,1e-04,0,0,0,0,0,0,0,0,0,1e-04,0,1e-04,0,0,1e-04,0,0,0,0,0,0,0,0,724291.5438,4081730.8732,6.647292026e-06,0,1e-04,1e-04,1e-04,1e-04,0,6.647292026e-06,292,"",NA,6.647292026e-06,"EBA2,MBA,LBA,IA1",NA,1
"70","164","LLN_7",197,"LLN","LLN_7_0_0","",0,0,0,0,0,0,0,0,0,0,0,0,1e-04,0,0,0,0,0,0,0,0,0,0,0,0,0,722197.6374,4085708.0676,NA,0,0,1e-04,0,0,0,0,NA,"",NA,2.1,"MBA",NA,8
"71","165","LLN_70",88,"LLN","LLN_70_0_0","(Ger Sawwar)",0,0,0,0,0,0,0,0,0,0,0,0,0.5,0,0,0,0,0,0,0,0,0,0,0,0,0,717281.9854,4097256.7691,0.5,0,0,0.5,0,0,0,7.254415731e-06,903,"",NA,0.5,"MBA",NA,1
"72","166","LLN_71",155,"LLN","LLN_71_0_0","",0,0,0,0,0,0,0,0,0,0,0,0,1.2,0,0,0,0,0,0,0,0,0,0,0,0,0,717673.2854,4097223.7432,1.2,0,0,1.2,0,0,0,0,NA,"",NA,1.2,"MBA",NA,2
"73","167","LLN_72",198,"LLN","LLN_72_0_0","",0,0,0,0,0,0,0,0,0,0,0,0,1.1,0,0,0,0,0,0,0,0,0,0,0,0,0,718040.6042,4099639.2927,1.1,0,0,1.1,0,0,0,0,NA,"",NA,1.1,"MBA",NA,2
"74","168","LLN_73",157,"LLN","LLN_73_0_0","Maharkan",0,0,0,0,0,0,0,0,0,0,0,0,4.14,0,0,0,0,0,0,0,0,0,0,0,0,0,723682.4409,4103612.1262,4.14,0,0,4.14,0,0,0,0,NA,"",NA,4.14,"MBA",NA,2
"75","169","LLN_74",12,"LLN","LLN_74_0_0","Shair",4,0,4,0,0,4,0,4,0,4,0,0,4,0,4,0,0,4,0,0,0,0,0,0,0,0,716612.5214,4103496.6251,4,4,4,4,4,4,0,1.0973920818e-05,489,"",NA,4,"EBA1,EBA2,MBA,LBA,IA1",NA,2
"76","17","LLN_123",44,"LLN","LLN_123_0_0","Khodr",0,12.25,0,0,0,12.25,0,12.25,0,12.25,0,0,12.25,0,0,0,0,12.25,0,0,0,0,0,0,0,0,717465.1778,4067204.0911,12.25,12.25,12.25,12.25,12.25,12.25,0,3.7131757555e-05,203,"",NA,12.25,"EBA1,EBA2,MBA,LBA,IA1",NA,4
"77","170","LLN_75",158,"LLN","LLN_75_0_0","",0,0,0,0,0,0,0,0,0,0,0,0,0.5,0,0,0,0,0,0,0,0,0,0,0,0,0,717522.9286,4102538.974,0.5,0,0,0.5,0,0,0,9.371647209e-06,95,"",NA,0.5,"MBA",NA,1
"78","171","LLN_76",55,"LLN","LLN_76_0_0","Jihan",0,0,0,2.2896,0,0,0,0,0,0,2.2896,0,2.2896,0,2.2896,0,0,2.2896,0,0,0,0,0,0,0,0,718066.6932,4105692.5711,2.2896,2.2896,2.2896,2.2896,2.2896,2.2896,0,8.788513667e-06,438,"",NA,2.2896,"EBA1,EBA2,MBA,LBA,IA1",NA,2
"79","172","LLN_77",159,"LLN","LLN_77_0_0","",0,0,0,0.5,0,0,0,0,0,0,0.5,0,0.5,0,0,0,0,0,0,0,0,0,0,0,0,0,719768.9043,4096369.5119,0.5,0.5,0.5,0.5,0,0,0,0,NA,"",NA,0.5,"EBA1,EBA2,MBA",NA,1
"80","173","LLN_78",56,"LLN","LLN_78_0_0","Khirbet ed-Dib",0,0,0,0,0,0,0,0,0,0,0,0,0.78539815,0,0,0,0,0,0,0,0,0,0,0,0,0,719998.6693,4090394.7942,0.78539815,0,0,0.78539815,0,0,0,0,NA,"",NA,0.78539815,"MBA",NA,1
"81","174","LLN_79",13,"LLN","LLN_79_0_0","Bouair",0,0,0,0,0,0,0,0,0,0,0,0,0.48,0,0,0,0,0,0,0,0,0,0,0,0,0,714165.4329,4099607.5833,0.48,0,0,0.48,0,0,0,0,NA,"",NA,0.48,"MBA",NA,1
"82","175","LLN_80",57,"LLN","LLN_80_0_0","Khirbet Khalil",0,0,0,0,0,0,0,0,0,0,0,0,1,0,0,0,0,0,0,0,0,0,0,0,0,0,715257.3766,4098796.3708,1,0,0,1,0,0,0,0,NA,"",NA,1,"MBA",NA,1
"83","176","LLN_81",58,"LLN","LLN_81_0_0","Kharaydjka II",0,0,0,0,0,0,0,0,0,0,0,0,1,0,0,0,0,0,0,0,0,0,0,0,0,0,715243.5975,4096719.1401,1,0,0,1,0,0,0,0,NA,"",NA,1,"MBA",NA,1
"84","177","LLN_82",199,"LLN","LLN_82_0_0","Kharaydjka I",0,0,0,0,0,0,0,0,0,0,0,0,0.49,0,0,0,0,0,0,0,0,0,0,0,0,0,715262.9609,4096306.3652,0.49,0,0,0.49,0,0,0,0,NA,"",NA,0.49,"MBA",NA,1
"85","178","LLN_83",59,"LLN","LLN_83_0_0","",0,0,0,0,0,0,0,0,0,0,0,0,0.25,0,0,0,0,0,0,0,0,0,0,0,0,0,715611.185,4096188.822,0.25,0,0,0.25,0,0,0,3.938789511e-06,270,"",NA,0.25,"MBA",NA,1
"86","179","LLN_84",10,"LLN","LLN_84_0_0","Gunduk",0,0,0,0,0,0.42,0,0.42,0,0,0,0,0.42,0,0,0,0,0,0,0,0,0,0,0,0,0,717659.6301,4095861.5676,0.42,0,0.42,0.42,0,0,0,0,NA,"",NA,0.42,"EBA2,MBA",NA,1
"87","18","LLN_125",71,"LLN","LLN_125_0_0","Hameid",0,0,0,0,0,0,0,23,0,23,0,0,23,0,0,0,0,0,0,0,0,0,0,0,0,0,745412.0627,4063513.1701,23,0,23,23,0,0,0,1.6403263628e-05,580,"",NA,23,"EBA2,MBA",NA,4
"88","180","LLN_85",61,"LLN","LLN_85_0_0","Khazne",0,0,3.08,0,0,0,0,3.08,0,3.08,0,0,3.08,0,0,0,0,3.08,0,0,0,0,0,0,0,0,713551.484,4096774.5644,3.08,0,3.08,3.08,3.08,3.08,0,0,NA,"",NA,3.08,"EBA2,MBA,LBA,IA1",NA,2
"89","181","LLN_86",60,"LLN","LLN_86_0_0","Dakshuriya",0,0,0,0,0,0,0,0,0,0,0,0,4.908738438,0,0,0,0,0,0,0,0,0,0,0,0,0,712435.5643,4101919.8162,4.908738438,0,0,4.908738438,0,0,0,0,NA,"",NA,4.908738438,"MBA",NA,2
"90","182","LLN_87",62,"LLN","LLN_87_0_0","Bazouna Kabira",0,0,0,5,0,0,0,0,0,0,5,0,5,0,0,0,0,0,0,0,0,0,0,0,0,0,731802.6239,4088159.7422,5,5,5,5,0,0,0,0,NA,"",NA,5,"EBA1,EBA2,MBA",NA,2
"91","183","LLN_88",63,"LLN","LLN_88_0_0","Braish",0,0,0,0,0,0,0,0,0,0,0,0,3,0,0,0,0,0,0,0,0,0,0,0,0,0,708391.4743,4097100.6348,3,0,0,3,0,0,0,4.16602728e-06,126,"",NA,3,"MBA",NA,2
"92","184","LLN_89",93,"LLN","LLN_89_0_0","Qabr Ahmad al Shim",0,0,0,0,0,0,0,0,0,0,0,0,0.2,0,0,0,0,0,0,0,0,0,0,0,0,0,708701.4135,4094411.5519,0.2,0,0,0.2,0,0,0,2.2256830646e-05,856,"",NA,0.2,"MBA",NA,1
"93","185","LLN_9",160,"LLN","LLN_9_0_0","Rehaya 1",0,0,0,4.9875,0,0,0,0,0,0,4.9875,0,4.9875,0,0,0,0,0,0,0,0,0,0,0,0,0,724228.542,4094017.257,4.9875,4.9875,4.9875,4.9875,0,0,0,0,NA,"",NA,4.9875,"EBA1,EBA2,MBA",NA,2
"94","186","LLN_90",24,"LLN","LLN_90_0_0","Aid",20,0,20,0,0,20,0,20,0,20,0,0,20,0,20,0,0,20,0,0,0,0,0,0,0,0,707994.3335,4091549.1205,20,20,20,20,20,20,0,2.1279736492e-05,283,"",NA,20,"EBA1,EBA2,MBA,LBA,IA1",NA,4
"95","187","LLN_91",99,"LLN","LLN_91_0_0","El Aatchance",0,0,0,0,0,0,0,0,0,0,0,0,6.48,0,0,0,0,0,0,0,0,0,0,0,0,0,741051.8881,4098623.0791,6.48,0,0,6.48,0,0,0,6.595860791e-06,799,"",NA,6.48,"MBA",NA,3
"96","188","LLN_92",64,"LLN","LLN_92_0_0","Nasr",0,0,9,0,0,0,0,0,0,0,0,0,9,0,0,0,0,9,0,0,0,0,0,0,0,0,711342.2589,4092273.8827,9,0,9,9,9,9,0,2.872690137e-06,828,"",NA,9,"EBA2,MBA,LBA,IA1",NA,3
"97","189","LLN_93",92,"LLN","LLN_93_0_0","Shibaniyat Dahham",0,0,0,0,0,0,0,0,0,0,0,0,2.55,0,0,0,0,0,0,0,0,0,0,0,0,0,709848.2977,4093482.885,2.55,0,0,2.55,0,0,0,2.398441484e-06,395,"",NA,2.55,"MBA",NA,2
"98","19","LLN_13",156,"LLN","LLN_13_0_0","Gir Souar",0,5.12,5.12,0,0,5.12,0,5.12,0,5.12,0,0,5.12,0,0,0,0,0,0,0,0,0,0,0,0,0,717194.3065,4096344.1119,5.12,5.12,5.12,5.12,0,0,0,0,NA,"",NA,5.12,"EBA1,EBA2,MBA",NA,3
"99","190","LLN_94",66,"LLN","LLN_94_0_0","Amarin",0,0,0,0,0,0,0,0,0,0,0,0,0.91,0,0,0,0,0,0,0,0,0,0,0,0,0,711320.9486,4090289.1362,0.91,0,0,0.91,0,0,0,4.791458978e-06,206,"",NA,0.91,"MBA",NA,1
"100","191","LLN_95",162,"LLN","LLN_95_0_0","Hajji Kabir",0,0,0,0,0,0,0,0,0,0,0,0,0.36,0,0,0,0,0,0,0,0,0,0,0,0,0,711532.7499,4088786.9632,0.36,0,0,0.36,0,0,0,0,NA,"",NA,0.36,"MBA",NA,1
"101","192","LLN_96",65,"LLN","LLN_96_0_0","Koubeiba",2.64,0,0,0,0,2.64,0,0,0,0,0,0,2.64,0,0,0,0,0,0,0,0,0,0,0,0,0,711985.8713,4088044.6113,2.64,2.64,2.64,2.64,0,0,0,7.666289425e-06,758,"",NA,2.64,"EBA1,EBA2,MBA",NA,2
"102","193","LLN_97",161,"LLN","LLN_97_0_0","Hajji Kabir 2",0,0,0,0,0,0,0,0,0,0,0,0,0.8,0,0,0,0,0,0,0,0,0,0,0,0,0,710891.3987,4087059.7597,0.8,0,0,0.8,0,0,0,0,NA,"",NA,0.8,"MBA",NA,1
"103","194","NJS_1",380,"NJS","NJS_1_0_0","Tell al-Hawa",0,0,0,0,0,0,0,0,0,0,65.5001,0,65.5001,0,0,0,0,16.0001,0,0,0,0,0,0,0,0,794811.300267857,4071801.74049643,65.5001,0,65.5001,65.5001,16.0001,16.0001,0,3.3357589612e-05,290,"",NA,65.5001,"EBA2,MBA,LBA,IA1",NA,6
"104","195","NJS_10",390,"NJS","NJS_10_0_0","",0,0,0,2.4001,0,0,0,0,0,0,0,0,5.6001,0,0,0,0,1.1001,0,2.2001,0,0,0,0,0,0,799862.39835,4073578.7478,5.6001,2.4001,0,5.6001,1.1001,1.1001,2.2001,0,NA,"",NA,5.6001,"EBA1,MBA,LBA,IA1,IA2",NA,3
"105","198","NJS_108",307,"NJS","NJS_108_0_0","",0,0,0,0,0,0,0,0,0,0,0,0,0.5001,0,0,0,0,3.3001,0,3.3001,0,0,0,0,0,0,783415.964733333,4063290.37998333,3.3001,0,0,0.5001,3.3001,3.3001,3.3001,0,NA,"",NA,0.5001,"MBA,LBA,IA1,IA2",NA,2
"106","2","LLN_10",49,"LLN","LLN_10_0_0","Rehaya 2",0,0,0,0,0,1.73135,0,1.73135,0,0,0,0,1.73135,0,0,0,0,0,0,0,0,0,0,0,0,0,723183.249833333,4095431.84406667,1.73135,0,1.73135,1.73135,0,0,0,7.96910171e-07,506,"",NA,1.73135,"EBA2,MBA",NA,2
"107","20","LLN_130",105,"LLN","LLN_130_0_0","Daharan 2",0,0,0,0,0,0,0,0,0,0,0,0,0.5,0,0,0,0,0,0,0,0,0,0,0,0,0,732245.0912,4057200.3366,0.5,0,0,0.5,0,0,0,0,NA,"",NA,0.5,"MBA",NA,1
"108","205","NJS_115",313,"NJS","NJS_115_0_0","",0,0,0,0,0,0,0,0,0,0,0,0,1.0001,0,0,0,0,2.0001,0,2.0001,0,0,0,0,0,0,788572.65502,4062087.99188,2.0001,0,0,1.0001,2.0001,2.0001,2.0001,0,NA,"",NA,1.0001,"MBA,LBA,IA1,IA2",NA,2
"109","207","NJS_121",318,"NJS","NJS_121_0_0","",0,0,0,0,0,0,0,0,0,0,0,0,1.0001,0,0,0,0,1.0001,0,1.0001,0,0,0,0,0,0.6001,789799.361375,4061875.998975,1.0001,0,0,1.0001,1.0001,1.0001,1.0001,0,NA,"",NA,1.0001,"MBA,LBA,IA1,IA2",NA,2
"110","208","NJS_123",320,"NJS","NJS_123_0_0","al-Kibar",0,0,0,0,0,0,0,0,0,0,0,0,0.8001,0,0,0,0,0,0,0,0,0,0,0,0,0,790009.3804,4059376.96433333,0.8001,0,0,0.8001,0,0,0,0,NA,"",NA,0.8001,"MBA",NA,1
"111","209","NJS_126",323,"NJS","NJS_126_0_0","",0,0,0,0,0,0,0,0,0,0,0,0,1.0001,0,0,0,0,0.5001,0,0.5001,0,0,0,0,0,0,783921.835942857,4071451.33174286,1.0001,0,0,1.0001,0.5001,0.5001,0.5001,0,NA,"",NA,1.0001,"MBA,LBA,IA1,IA2",NA,2
"112","21","LLN_132",148,"LLN","LLN_132_0_0","Wadi near Mitaniye",0,0,0,0,0,0,0,0,0,0,0,0,0.4,0,0,0,0,0,0,0,0,0,0,0,0,0,709300.1626,4087087.6558,0.4,0,0,0.4,0,0,0,0,NA,"",NA,0.4,"MBA",NA,1
"113","210","NJS_127",324,"NJS","NJS_127_0_0","Abu Kula",0,0,0,5.0002,0,0,0,0,0,0,5.0003,0,5.0003,0,0,0,0,0,0,0,0,0,0,0,0,0,797428.27472,4063270.8198,5.0003,5.0002,5.0003,5.0003,0,0,0,4.2939909816e-05,21,"",NA,5.0003,"EBA1,EBA2,MBA",NA,3
"114","212","NJS_13",219,"NJS","NJS_13_0_0","",0,0,0,1.3004,0,0,0,0,0,0,0,0,1.3003,0,0,0,0,0,0,2e-04,0,0,0,0,0,0,794864.00424,4068440.5601,1.3004,1.3004,0,1.3003,0,0,2e-04,0,NA,"",NA,1.3003,"EBA1,MBA,IA2",NA,2
"115","214","NJS_131",328,"NJS","NJS_131_0_0","",0,0,0,0,0,0,0,0,0,0,0.9001,0,0.9001,0,0,0,0,0.5001,0,0.9001,0,0,0,0,0,0,783846.5652,4074229.2149,0.9001,0,0.9001,0.9001,0.5001,0.5001,0.9001,0,NA,"",NA,0.9001,"EBA2,MBA,LBA,IA1,IA2",NA,1
"116","215","NJS_132",329,"NJS","NJS_132_0_0","",0,0,0,0,0,0,0,0,0,0,0,0,1.1001,0,0,0,0,0,0,1.1001,0,0,0,0,0,0,784841.10324,4075631.06432,1.1001,0,0,1.1001,0,0,1.1001,0,NA,"",NA,1.1001,"MBA,IA2",NA,2
"117","217","NJS_136",333,"NJS","NJS_136_0_0","",0,0,0,0,0,0,0,0,0,0,0,0,2.1,0,0,0,0,0,0,0,0,0,0,0,0,0,784706.3633,4057924.4089,2.1,0,0,2.1,0,0,0,6.897950832e-06,383,"",NA,2.1,"MBA",NA,2
"118","219","NJS_138",335,"NJS","NJS_138_0_0","Kharaba al-Kabeba",0,0,0,0,0,0,0,0,0,0,0,0,0.5001,0,0,0,0,3.7001,0,3.7001,0,0,0,0,0,0,780738.14235,4060590.5283,3.7001,0,0,0.5001,3.7001,3.7001,3.7001,0,NA,"",NA,0.5001,"MBA,LBA,IA1,IA2",NA,2
"119","220","NJS_14",220,"NJS","NJS_14_0_0","",0,0,0,1.9001,0,0,0,0,0,0,0,0,3.6001,0,3.6001,0,0,0.7001,0,0.4001,0,0,0,0,0,0,795967.86714,4068447.5022,3.6001,1.9001,0,3.6001,3.6001,0.7001,0.4001,0,NA,"",NA,3.6001,"EBA1,MBA,LBA,IA1,IA2",NA,2
"120","221","NJS_140",337,"NJS","NJS_140_0_0","Tell Mana'a",0,0,0,0,0,0,0,0,0,0,1.0001,0,8.0001,0,0,0,0,3.5001,0,3.0001,0,0,0,0,0,0,781037.059114286,4064157.06055714,8.0001,0,1.0001,8.0001,3.5001,3.5001,3.0001,2.6177195322e-05,793,"",NA,8.0001,"EBA2,MBA,LBA,IA1,IA2",NA,3
"121","228","NJS_15",221,"NJS","NJS_15_0_0","Mowasha",0,0,0,0,0,0,0,0,0,0,0,0,1.5001,0,0,0,0,0,0,0,0,0,0,0,0,0,797164.735475,4068545.5636,1.5001,0,0,1.5001,0,0,0,0,NA,"",NA,1.5001,"MBA",NA,2
"122","23","LLN_134",72,"LLN","LLN_134_0_0","Mitaniye",0,0,0,0,0,0,0,0,0,0,0,0,8.8,0,0,0,0,0,0,0,0,0,0,0,0,0,711702.9825,4086409.9299,8.8,0,0,8.8,0,0,0,0,NA,"",NA,8.8,"MBA",NA,3
"123","230","NJS_154",351,"NJS","NJS_154_0_0","",0,0,0,0,0,0,0,0,0,0,0,0,0.9001,0,0,0,0,0,0,0,0,0,0,0,0,0,779581.679175,4074575.758475,0.9001,0,0,0.9001,0,0,0,0,NA,"",NA,0.9001,"MBA",NA,1
"124","231","NJS_155",386,"NJS","NJS_155_0_0","(Tell Hayal)",0,0,0,0,0,0,0,0,0,0,2.0001,0,2.4001,0,0,0,0,2.0001,0,1.0001,0,0,0,0,0,0,783598.987275,4077589.140125,2.4001,0,2.0001,2.4001,2.0001,2.0001,1.0001,2.4628669236e-05,751,"",NA,2.4001,"EBA2,MBA,LBA,IA1,IA2",NA,2
"125","233","NJS_159",354,"NJS","NJS_159_0_0","",0,0,0,0,0,0,0,0,0,0,0,0,0.7001,0,0,0,0,0,0,1.4001,0,0,0,0,0,0,775451.0526,4074132.2666,1.4001,0,0,0.7001,0,0,1.4001,0,NA,"",NA,0.7001,"MBA,IA2",NA,2
"126","234","NJS_160",355,"NJS","NJS_160_0_0","",0,0,0,0,0,0,0,0,0,0,0,0,1.6001,0,0,0,0,1.6001,0,0.7001,0,0,0,0,0,0,780883.346566667,4074584.1562,1.6001,0,0,1.6001,1.6001,1.6001,0.7001,0,NA,"",NA,1.6001,"MBA,LBA,IA1,IA2",NA,2
"127","239","NJS_169",364,"NJS","NJS_169_0_0","",0,0,0,0,0,0,0,0,0,0,0,0,2.2001,0,0,0,0,0,0,0,0,0,0,0,0,0,775565.15735,4070569.11035,2.2001,0,0,2.2001,0,0,0,0,NA,"",NA,2.2001,"MBA",NA,2
"128","243","NJS_175",369,"NJS","NJS_175_0_0","",0,0,0,0,0,0,0,0,0,0,1.0001,0,1.0001,0,0,0,0,0,0,0.5001,0,0,0,0,0,0,774562.04775,4071957.0438,1.0001,0,1.0001,1.0001,0,0,0.5001,7.608985787e-06,863,"",NA,1.0001,"EBA2,MBA,IA2",NA,2
"129","246","NJS_18",224,"NJS","NJS_18_0_0","Biyada Foqani",0,0,0,1.3001,0,0,0,0,0,0,0,0,1.3001,0,0,0,0,0,0,0.8001,0,0,0,0,0,0,791808.83315,4069835.8676,1.3001,1.3001,0,1.3001,0,0,0.8001,0,NA,"",NA,1.3001,"EBA1,MBA,IA2",NA,2
"130","249","NJS_19",226,"NJS","NJS_19_0_0","Tell Qarayah al-Botha",0,0,0,3.5001,0,0,0,0,0,0,0,0,6.0001,0,0,0,0,2.5001,0,0.4001,0,0,0,0,0,0,791045.227818182,4069095.38090909,6.0001,3.5001,0,6.0001,2.5001,2.5001,0.4001,3.1636883212e-05,31,"",NA,6.0001,"EBA1,MBA,LBA,IA1,IA2",NA,3
"131","25","LLN_137",3,"LLN","LLN_137_0_0","Barham",1.327322874,0,1.327322874,0,0,0,0,0,0,0,0,0,1.327322874,0,0,0,0,0,0,0,0,0,0,0,0,0,723751.4573,4096537.8784,1.327322874,1.327322874,1.327322874,1.327322874,0,0,0,3.216321923e-06,400,"",NA,1.327322874,"EBA1,EBA2,MBA",NA,2
"132","251","NJS_20",225,"NJS","NJS_20_0_0","Qabi al-Biyadir",0,0,0,0,0,0,0,0,0,0,2.8001,0,2.8001,0,0,0,0,1.1001,0,4.7001,0,0,0,0,0,0,792508.4716375,4068629.8385,4.7001,0,2.8001,2.8001,1.1001,1.1001,4.7001,1.0799094737e-05,851,"",NA,2.8001,"EBA2,MBA,LBA,IA1,IA2",NA,2
"133","252","NJS_22",228,"NJS","NJS_22_0_0","",0,0,0,0,0,0,0,0,0,0,0,0,1.6001,0,0,0,0,0.4001,0,0,0,0,0,0,0,0,797854.140066667,4069233.74803333,1.6001,0,0,1.6001,0.4001,0.4001,0,0,NA,"",NA,1.6001,"MBA,LBA,IA1",NA,2
"134","253","NJS_23",229,"NJS","NJS_23_0_0","Tell Wardan",0,0,0,5.0001,0,0,0,0,0,0,0,0,5.0001,0,0,0,0,0,0,0,0,0,0,0,0,0,799319.374133333,4068567.47576667,5.0001,5.0001,0,5.0001,0,0,0,4.011215874e-06,379,"",NA,5.0001,"EBA1,MBA",NA,3
"135","257","NJS_29",235,"NJS","NJS_29_0_0","",0,0,0,8.9001,0,0,0,0,0,0,8.9001,0,8.9002,0,0,0,0,3e-04,0,3e-04,0,0,0,0,0,0,790366.5326,4073810.72766,8.9002,8.9001,8.9001,8.9002,3e-04,3e-04,3e-04,0,NA,"",NA,8.9002,"EBA1,EBA2,MBA,LBA,IA1,IA2",NA,3
"136","259","NJS_30",236,"NJS","NJS_30_0_0","",0,0,0,4.3001,0,0,0,0,0,0,0,0,3.4001,0,0,0,0,0.6001,0,1.3001,0,0,0,0,0,0,789206.028933333,4074918.67673333,4.3001,4.3001,0,3.4001,0.6001,0.6001,1.3001,0,NA,"",NA,3.4001,"EBA1,MBA,LBA,IA1,IA2",NA,2
"137","26","LLN_138",168,"LLN","LLN_138_0_0","Sharmoukh Village",0,0,0,0,0,0,0,0,0,0,0,0,6,0,0,0,0,0,0,0,0,0,0,0,0,0,721957.9095,4085552.2445,6,0,0,6,0,0,0,0,NA,"",NA,6,"MBA",NA,3
"138","261","NJS_37",241,"NJS","NJS_37_0_0","",0,0,0,1.5,0,0,0,0,0,0,0,0,0.7,0,0,0,0,1.7001,0,0.5001,0,0,0,0,0,0,803390.74525,4072279.2036875,1.7001,1.5,0,0.7,1.7001,1.7001,0.5001,1.8687135521e-05,464,"",NA,0.7,"EBA1,MBA,LBA,IA1,IA2",NA,2
"139","263","NJS_39",243,"NJS","NJS_39_0_0","Khirbet Gar Sur",0,0,0,1.5002,0,0,0,0,0,0,0,0,2e-04,0,0,0,0,2e-04,0,0,0,0,0,0,0,0,803819.48418,4071087.5743,1.5002,1.5002,0,2e-04,2e-04,2e-04,0,0,NA,"",NA,1.5002,"EBA1,MBA,LBA,IA1",NA,2
"140","265","NJS_42",246,"NJS","NJS_42_0_0","",0,0,0,4.1001,0,0,0,0,0,0,2.5001,0,6.0001,0,0.7001,0,0,0.7001,0,3.0001,0,0,0,0,0,0,802952.587109091,4069857.60347273,6.0001,4.1001,2.5001,6.0001,0.7001,0.7001,3.0001,1.4255301246e-05,320,"",NA,6.0001,"EBA1,EBA2,MBA,LBA,IA1,IA2",NA,3
"141","266","NJS_43",247,"NJS","NJS_43_0_0","Kharaba Tibn or Gar Sur",0,0,0,0,0,0,0,0,0,0,17.3001,0,18.6001,0,0,0,0,4.2001,0,0.2001,0,0,0,0,0,0,808136.273488889,4070580.42984444,18.6001,0,17.3001,18.6001,4.2001,4.2001,0.2001,2.6139408049e-05,888,"",NA,18.6001,"EBA2,MBA,LBA,IA1,IA2",NA,4
"142","268","NJS_45",249,"NJS","NJS_45_0_0","",0,0,0,1.3001,0,0,0,0,0,0,0,0,2.5001,0,0,0,0,0.6001,0,0.6001,0,0,0,0,0,0,802343.4290875,4066882.07135,2.5001,1.3001,0,2.5001,0.6001,0.6001,0.6001,0,NA,"",NA,2.5001,"EBA1,MBA,LBA,IA1,IA2",NA,2
"143","269","NJS_48",252,"NJS","NJS_48_0_0","",0,0,0,22.9001,0,0,0,0,0,0,3.2001,0,22.5001,0,0,0,0,1.7001,0,18.9001,0,0,0,0,0,0,805011.2048,4069271.0296375,22.9001,22.9001,3.2001,22.5001,1.7001,1.7001,18.9001,9.063194205e-06,540,"",NA,22.5001,"EBA1,EBA2,MBA,LBA,IA1,IA2",NA,4
"144","27","LLN_14",11,"LLN","LLN_14_0_0","Bayandur",0,9.66,9.66,0,0,9.66,0,9.66,0,0,0,0,9.66,0,0,0,0,9.66,0,0,0,0,0,0,0,0,716994.3292,4100983.7145,9.66,9.66,9.66,9.66,9.66,9.66,0,8.405007141e-06,770,"",NA,9.66,"EBA1,EBA2,MBA,LBA,IA1",NA,3
"145","278","NJS_58",262,"NJS","NJS_58_0_0","Tell Warada or Hilawat",0,0,0,9.9001,0,0,0,0,0,0,0.4001,0,0.3001,0,0,0,0,0,0,2.5001,0,0,0,0,0,0,799045.973933333,4065838.78326667,9.9001,9.9001,0.4001,0.3001,0,0,2.5001,3.995863338e-06,565,"",NA,0.3001,"EBA1,EBA2,MBA,IA2",NA,3
"146","28","LLN_142",73,"LLN","LLN_142_0_0","Suwaidiya Kabira",0,0,0,0,0,0,0,0,0,0,0,0,2.432849309,0,0,0,0,0,0,0,0,0,0,0,0,0,705611.2314,4088443.894,2.432849309,0,0,2.432849309,0,0,0,4.276462452e-06,466,"",NA,2.432849309,"MBA",NA,2
"147","285","NJS_71",275,"NJS","NJS_71_0_0","Tell Hamide",0,0,0,0,0,0,0,0,0,0,5.0001,0,5.6001,0,5.6001,0,0,5.6001,0,0,0,0,0,0,0,0,788349.95438,4069249.49406,5.6001,0,5.0001,5.6001,5.6001,5.6001,0,0,NA,"",NA,5.6001,"EBA2,MBA,LBA,IA1",NA,3
"148","287","NJS_73",277,"NJS","NJS_73_0_0","",0,0,0,0,0,0,0,0,0,0,0,0,1.5001,0,0,0,0,1.5001,0,2.3001,0,0,0,0,0,0,789214.4367,4076534.1259,2.3001,0,0,1.5001,1.5001,1.5001,2.3001,0,NA,"",NA,1.5001,"MBA,LBA,IA1,IA2",NA,2
"149","288","NJS_74",278,"NJS","NJS_74_0_0","",0,0,0,0,0,0,0,0,0,0,0,0,2.0001,0,0,0,0,0,0,1.0001,0,0,0,0,0,0,786919.18424,4069467.02312,2.0001,0,0,2.0001,0,0,1.0001,0,NA,"",NA,2.0001,"MBA,IA2",NA,2
"150","29","LLN_143",91,"LLN","LLN_143_0_0","Buludiya",0,0,0,0,0,0,0,0,0,0,0,0,1.539380374,0,0,0,0,0,0,0,0,0,0,0,0,0,706093.3368,4091202.6999,1.539380374,0,0,1.539380374,0,0,0,0,NA,"",NA,1.539380374,"MBA",NA,2
"151","292","NJS_83",287,"NJS","NJS_83_0_0","",0,0,0,0,0,0,0,0,0,0,0,0,3.0001,0,0,0,0,0,0,3.0001,0,0,0,0,0,0,788766.520616667,4070772.74528333,3.0001,0,0,3.0001,0,0,3.0001,0,NA,"",NA,3.0001,"MBA,IA2",NA,2
"152","295","NJS_9",216,"NJS","NJS_9_0_0","Tell Kuran",0,0,0,2.4001,0,0,0,0,0,0,0,0,6.6001,0,0,0,0,6.6001,0,6.6001,0,0,0,0,0,0,798556.72546,4074200.07556,6.6001,2.4001,0,6.6001,6.6001,6.6001,6.6001,0,NA,"",NA,6.6001,"EBA1,MBA,LBA,IA1,IA2",NA,3
"153","296","NJS_90",293,"NJS","NJS_90_0_0","Tell Abu Hajira",0,0,0,7.1001,0,0,0,0,0,0,6.1001,0,6.1001,0,0,0,0,0,0,0,0,0,0,0,0,0,786577.044966667,4073871.85543333,7.1001,7.1001,6.1001,6.1001,0,0,0,1.4028916636e-05,615,"",NA,6.1001,"EBA1,EBA2,MBA",NA,3
"154","297","NJS_91",294,"NJS","NJS_91_0_0","Tell Talab",0,0,0,14.8001,0,0,0,0,0,0,7.5001,0,10.0001,0,0,0,0,0,0,0,0,0,0,0,0,0,786052.68315,4071280.23383333,14.8001,14.8001,7.5001,10.0001,0,0,0,1.5483044799e-05,281,"",NA,10.0001,"EBA1,EBA2,MBA",NA,4
"155","298","NJS_92",383,"NJS","NJS_92_0_0","Tell Uwaynat",0,0,0,3.0001,0,0,0,0,0,0,1.5001,0,3.0001,0,0,0,0,0,0,0,0,0,0,0,0,0,803378.2702,4065117.92116667,3.0001,3.0001,1.5001,3.0001,0,0,0,9.315951934e-06,334,"",NA,3.0001,"EBA1,EBA2,MBA",NA,2
"156","299","NJS_93",295,"NJS","NJS_93_0_0","Tell Talab",0,0,0,10.0001,0,0,0,0,0,0,19.0001,0,19.0001,0,0,0,0,0,0,2.5001,0,0,0,0,0,0,782616.203816667,4071879.55705,19.0001,10.0001,19.0001,19.0001,0,0,2.5001,2.2529714128e-05,878,"",NA,19.0001,"EBA1,EBA2,MBA,IA2",NA,4
"157","3","LLN_100",17,"LLN","LLN_100_0_0","",0,0,0,0,0,0,0,0,0,0,0,0,1e-04,0,0,0,0,0,0,0,0,0,0,0,0,0,731767.7848,4091036.745,4.365392879e-06,0,0,1e-04,0,0,0,4.365392879e-06,876,"",NA,4.365392879e-06,"MBA",NA,1
"158","30","LLN_144",94,"LLN","LLN_144_0_0","Awena",0,0,0,0,0,0,0,0,0,0,0,0,2.5,0,0,0,0,0,0,0,0,0,0,0,0,0,708580.2091,4095405.0331,2.5,0,0,2.5,0,0,0,0,NA,"",NA,2.5,"MBA",NA,2
"159","302","NJS_96",298,"NJS","NJS_96_0_0","Tell Ghuban",0,0,0,0,0,0,0,0,0,0,0,0,2.3001,0,0,0,0,0,0,1.5001,0,0,0,0,0,0,784559.04882,4062338.46666,2.3001,0,0,2.3001,0,0,1.5001,5.920426459e-06,734,"",NA,2.3001,"MBA,IA2",NA,2
"160","303","NJS_99",301,"NJS","NJS_99_0_0","(Tell Bahri esh-Shamal)",0,0,0,0,0,0,0,0,0,0,0,0,1.0001,0,0,0,0,3.8001,0,3.8001,0,0,0,0,0,0,783695.671542857,4059741.72852857,3.8001,0,0,1.0001,3.8001,3.8001,3.8001,7.720457605e-06,107,"",NA,1.0001,"MBA,LBA,IA1,IA2",NA,2
"161","31","LLN_145",169,"LLN","LLN_145_0_0","Tartab 1",0,0,6,0,0,6,0,0,0,0,0,0,6,0,0,0,0,6,0,0,0,0,0,0,0,0,722025.8324,4085592.1992,6,0,6,6,6,6,0,0,NA,"",NA,6,"EBA2,MBA,LBA,IA1",NA,3
"162","32","LLN_147",96,"LLN","LLN_147_0_0","Abu Hajjeira village",0,0,0,0,0,0,0,0,0,0,0,0,3.2,0,0,0,0,0,0,0,0,0,0,0,0,0,726963.7261,4094568.0721,3.2,0,0,3.2,0,0,0,3.520802061e-06,700,"",NA,3.2,"MBA",NA,2
"163","323","TBS_37",958,"TBS","TBS_37_0_0","Tell Ghazal",0,0,0,0,0,0,0,0,0,0,1.3301,0,0,1.1301,0,0,0,0,0,0,0,1.1301,0,0,0,0,647928.8281,4076458.72126667,1.3301,0,1.3301,1.1301,1.1301,1.1301,1.1301,7.36088026e-07,661,"",NA,1.1301,"EBA2,MBA,LBA,IA1,IA2",NA,2
"164","329","TBS_43",978,"TBS","TBS_43_0_0","Tell Hassek",0,0,0,6e-04,0,0,0,0,0,0,6e-04,0,0,0,0,6e-04,27.792096,0,0,27.792096,0,5e-04,0,0,5e-04,0,639339.020488889,4071052.05813889,27.792096,6e-04,6e-04,27.792096,27.792096,5e-04,27.792096,3.7738523536e-05,244,"",NA,27.792096,"EBA1,EBA2,MBA,LBA,IA1,IA2",NA,5
"165","33","LLN_148",98,"LLN","LLN_148_0_0","Gunduk Said",0,0,0,0,0,0,0,0,0,0,0,0,1.227184609,0,0,0,0,1.227184609,0,0,0,0,0,0,0,0,728477.1652,4095397.0928,1.227184609,0,0,1.227184609,1.227184609,1.227184609,0,6.738957047e-06,634,"",NA,1.227184609,"MBA,LBA,IA1",NA,2
"166","331","TBS_47",962,"TBS","TBS_47_0_0","",0,0,0,0,0,0,0,0,0,0,0,0,2.3261,0,0,2.3261,0,0,0,0,0,2.3261,0,0,0,0,635581.115833333,4075216.44266667,2.3261,0,0,2.3261,2.3261,2.3261,2.3261,0,NA,"",NA,2.3261,"MBA,LBA,IA1,IA2",NA,2
"167","333","TBS_50",985,"TBS","TBS_50_0_0","Tell Ghazad Foqani",0,0,0,0,0,0,0,0,0,0,0,0.8131,1.0601,0,0,0,0,0,0,0,0,0,0,0,0,0,634444.428533333,4072326.64846667,1.0601,0.8131,0.8131,1.0601,0,0,0,7.995069133e-06,142,"",NA,1.0601,"EBA1,EBA2,MBA",NA,2
"168","339","TBS_59",984,"TBS","TBS_59_0_0","Tell Jamilo",0,0,0,8.1161,0,0,0,0,0,0,7.8001,0,4.0001,0,0,8.6061,0,7.8001,0,0.4901,0,8.1161,0,0,0.3161,0,643613.97635,4061017.46168333,8.6061,8.1161,7.8001,4.0001,8.6061,8.1161,8.1161,1.5272916576e-05,412,"",NA,4.0001,"EBA1,EBA2,MBA,LBA,IA1,IA2",NA,3
"169","34","LLN_149",97,"LLN","LLN_149_0_0","Malish 1",0,0,0,0,0,0,0,0,0,0,0,0,0.78539815,0,0,0,0,0,0,0,0,0,0,0,0,0,729663.6636,4096997.7999,0.78539815,0,0,0.78539815,0,0,0,2.475677513e-06,158,"",NA,0.78539815,"MBA",NA,1
"170","35","LLN_15",22,"LLN","LLN_15_0_0","Blaij",0,6.2,6.2,0,0,6.2,0,6.2,0,0,0,0,6.2,0,0,0,0,0,0,0,0,0,0,0,0,0,717020.4457,4089425.1511,6.2,6.2,6.2,6.2,0,0,0,2.0022651714e-05,26,"",NA,6.2,"EBA1,EBA2,MBA",NA,3
"171","357","THS_10",1088,"THS","THS_10_0_0","Khirbat al-Batta",0,0,0,0,0,0,0,0,0,0,0,0,1.2001,0,0,0,0,0,0,0,0,0,5.5001,0,0,0,764448.9943,4083721.17003333,5.5001,0,0,1.2001,0,5.5001,5.5001,0,NA,"",NA,1.2001,"MBA,IA1,IA2",NA,3
"172","36","LLN_155",120,"LLN","LLN_155_0_0","Maqbara",1.44,1.44,0,0,0,0,0,0,0,0,0,0,1.44,0,0,0,0,1.44,0,0,0,0,0,0,0,0,735373.2813,4097069.3369,1.44,1.44,0,1.44,1.44,1.44,0,0,NA,"",NA,1.44,"EBA1,MBA,LBA,IA1",NA,2
"173","362","THS_16",1094,"THS","THS_16_0_0","Tell al-Sara",0,0,0,2e-04,0,0,0,0,0,0,2e-04,0,2e-04,0,0,1.1001,0,0,0,0,0,0,1.1001,0,0,0,766072.948333333,4078644.0552,1.1001,2e-04,2e-04,2e-04,1.1001,1.1001,1.1001,1.1634153832e-05,430,"",NA,1.1001,"EBA1,EBA2,MBA,LBA,IA1,IA2",NA,2
"174","363","THS_18",1096,"THS","THS_18_0_0","<no name>, Area C",0,0,0,0,0,0,0,0,0,0,0,0,3.0002,0,0,2.0001,0,0,0,0,0,0,3.0001,0,0,0,767922.28642,4081834.70342,3.0002,0,0,3.0002,2.0001,3.0001,3.0001,0,NA,"",NA,3.0002,"MBA,LBA,IA1,IA2",NA,2
"175","367","THS_24",1101,"THS","THS_24_0_0","Khirbet al-'Abd",0,0,0,0,0,0,0,0,0,0,0,0,10.3701,0,0,16.0301,0,0,0,0,0,0,1.7401,0,0,0,767140.641436364,4075970.51805909,16.0301,0,0,10.3701,16.0301,1.7401,1.7401,0,NA,"",NA,10.3701,"MBA,LBA,IA1,IA2",NA,4
"176","37","LLN_156",121,"LLN","LLN_156_0_0","Aaramish",0,0,0,0,0,0,0,0,0,0,0,0,1e-04,0,0,0,0,0,0,0,0,0,0,0,0,0,734164.5728,4095908.9769,NA,0,0,1e-04,0,0,0,0,NA,"",NA,2.1,"MBA",NA,8
"177","371","THS_32",1106,"THS","THS_32_0_0","Khirbat 'Asaylan",0,0,0,0,0,0,0,0,0,0,2.269900654,0,2.270200654,0,0,0,0,0,0,0,0,0,2.270200654,0,0,0,768039.88402,4073212.24604,2.270200654,0,2.269900654,2.270200654,0,2.270200654,2.270200654,0,NA,"",NA,2.270200654,"EBA2,MBA,IA1,IA2",NA,2
"178","374","THS_37",1111,"THS","THS_37_0_0","Umm Adham",0,0,0,0,0,0,0,0,0,0,20.0001,0,20.0001,0,0,20.0002,0,0,0,0,0,0,0,0,0,0,764720.743733333,4072331.66753333,20.0002,0,20.0001,20.0001,20.0002,0,0,1.1277783476e-05,590,"",NA,20.0001,"EBA2,MBA,LBA",NA,4
"179","377","THS_41",1114,"THS","THS_41_0_0","Tell Na'ur",0,0,0,0.9001,0,0,0,0,0,0,1.6001,0,2.4001,0,0,0.8001,0,0,0,0,0,0,3.2001,0,0,0,760477.694590909,4071303.05560909,3.2001,0.9001,1.6001,2.4001,0.8001,3.2001,3.2001,1.0313979912e-05,129,"",NA,2.4001,"EBA1,EBA2,MBA,LBA,IA1,IA2",NA,2
"180","38","LLN_157",170,"LLN","LLN_157_0_0","Madhluma",1.2,0,0,0,0,0,0,0,0,0,0,0,1.2,0,0,0,0,0,0,0,0,0,0,0,0,0,722025.8324,4085736.0359,1.2,1.2,0,1.2,0,0,0,0,NA,"",NA,1.2,"EBA1,MBA",NA,2
"181","385","THS_54",1127,"THS","THS_54_0_0","(Tell Tamr)",0,0,0,0,0,0,0,0,0,0,17.8001,0,17.8001,0,0,17.8002,0,0,0,0,0,0,17.8002,0,0,0,759308.0576,4079079.7561,17.8002,0,17.8001,17.8001,17.8002,17.8002,17.8002,1.8875969436e-05,764,"",NA,17.8001,"EBA2,MBA,LBA,IA1,IA2",NA,4
"182","388","THS_58",1131,"THS","THS_58_0_0","",0,0,0,0,0,0,0,0,0,0,0,0,0.5,0,0,0.5,0,0,0,0,0,0,0,0,0,0,761632.0819,4081801.6774,0.5,0,0,0.5,0.5,0,0,0,NA,"",NA,0.5,"MBA,LBA",NA,1
"183","39","LLN_158",122,"LLN","LLN_158_0_0","Shibaniyeh 2",0,0,0,0,0,0,0,0,0,0,0,0,4.1,0,0,0,0,0,0,0,0,0,0,0,0,0,712215.5341,4091563.9525,4.1,0,0,4.1,0,0,0,0,NA,"",NA,4.1,"MBA",NA,2
"184","390","",NA,"","","A?nakkum? (Chagar Bazar)",NA,NA,NA,NA,NA,NA,NA,NA,NA,NA,NA,NA,NA,NA,NA,NA,NA,NA,NA,NA,NA,NA,NA,NA,NA,NA,669134.124149,4082752.7446,1.8214450855e-05,12,0,1e-04,0,0,0,1.8214450855e-05,774,"A?nakkum? (Chagar Bazar)",0,1.8214450855e-05,"EBA1,MBA",NA,1
"185","391","",NA,"","","Dur-A??ur-ketti-le?er (Tell Bderi)",NA,NA,NA,NA,NA,NA,NA,NA,NA,NA,NA,NA,NA,NA,NA,NA,NA,NA,NA,NA,NA,NA,NA,NA,NA,NA,662667.838689,4028462.78402,3.659594126e-06,1e-04,1e-04,1e-04,1e-04,1e-04,1e-04,3.659594126e-06,435,"Dur-A??ur-ketti-le?er (Tell Bderi)",0,3.659594126e-06,"EBA1,EBA2,MBA,LBA,IA1,IA2",NA,1
"186","392","",NA,"","","Guzana (Tell Halaf)",NA,NA,NA,NA,NA,NA,NA,NA,NA,NA,NA,NA,NA,NA,NA,NA,NA,NA,NA,NA,NA,NA,NA,NA,NA,NA,592702.565519,4076095.54777,5,0,0,1e-04,1e-04,1e-04,1e-04,0,NA,"Guzana (Tell Halaf)",0,55,"MBA,LBA,IA1,IA2",NA,6
"187","393","",NA,"","","Kahat (Tell Barri)",NA,NA,NA,NA,NA,NA,NA,NA,NA,NA,NA,NA,NA,NA,NA,NA,NA,NA,NA,NA,NA,NA,NA,NA,NA,NA,689910.776453,4068020.59125,1.8309632907e-05,1e-04,1e-04,1e-04,1e-04,1e-04,1e-04,1.8309632907e-05,372,"Kahat (Tell Barri)",0,1.8309632907e-05,"EBA1,EBA2,MBA,LBA,IA1,IA2",NA,1
"188","395","",NA,"","","Nagar (Tell Brak)",NA,NA,NA,NA,NA,NA,NA,NA,NA,NA,NA,NA,NA,NA,NA,NA,NA,NA,NA,NA,NA,NA,NA,NA,NA,NA,683912.955318,4059941.81042,0.00019157346683,1e-04,1e-04,1e-04,1e-04,1e-04,1e-04,0.00019157346683,738,"Nagar (Tell Brak)",0,0.00019157346683,"EBA1,EBA2,MBA,LBA,IA1,IA2",NA,1
"189","398","",NA,"","","Sikanu (Tell Fekheriye)",NA,NA,NA,NA,NA,NA,NA,NA,NA,NA,NA,NA,NA,NA,NA,NA,NA,NA,NA,NA,NA,NA,NA,NA,NA,NA,595387.081913,4077947.16466,90,0,90,90,90,90,90,0,NA,"Sikanu (Tell Fekheriye)",0,90,"EBA2,MBA,LBA,IA1,IA2",NA,6
"190","399","",NA,"","","?abatu (Tell Ta'ban)",NA,NA,NA,NA,NA,NA,NA,NA,NA,NA,NA,NA,NA,NA,NA,NA,NA,NA,NA,NA,NA,NA,NA,NA,NA,NA,660445.357934,4022724.0642,5.180052926e-06,0,0,1e-04,1e-04,1e-04,0,5.180052926e-06,556,"?abatu (Tell Ta'ban)",0,5.180052926e-06,"MBA,LBA,IA1",NA,1
"191","40","LLN_16",9,"LLN","LLN_16_0_0","Dougird",0,16,16,0,0,16,0,0,0,0,0,0,16,0,0,0,0,0,0,0,0,0,0,0,0,0,721828.4872,4101613.8599,16,16,16,16,0,0,0,5.886027522e-06,693,"",NA,16,"EBA1,EBA2,MBA",NA,4
"192","400","",NA,"","","Taidu? (Tell Hamidiya)",NA,NA,NA,NA,NA,NA,NA,NA,NA,NA,NA,NA,NA,NA,NA,NA,NA,NA,NA,NA,NA,NA,NA,NA,NA,NA,693111.845064,4076651.24076,2.3654855947e-05,1e-04,1e-04,1e-04,245,1e-04,1e-04,2.3654855947e-05,557,"Taidu? (Tell Hamidiya)",0,2.3654855947e-05,"EBA1,EBA2,MBA,LBA,IA1,IA2",NA,1
"193","401","",NA,"","","Urke? (Mozan)",NA,NA,NA,NA,NA,NA,NA,NA,NA,NA,NA,NA,NA,NA,NA,NA,NA,NA,NA,NA,NA,NA,NA,NA,NA,NA,677507.638352,4103138.20389,0.00014052979385,135,135,135,135,0,0,0.00014052979385,97,"Urke? (Mozan)",0,135,"EBA1,EBA2,MBA,LBA",NA,1
"194","406","",NA,"","","(Tell Abu Hafur)",NA,NA,NA,NA,NA,NA,NA,NA,NA,NA,NA,NA,NA,NA,NA,NA,NA,NA,NA,NA,NA,NA,NA,NA,NA,NA,648569.846822,4052577.51851,5.088876135e-06,3,3,3,3,3,3,5.088876135e-06,839,"(Tell Abu Hafur)",0,3,"EBA1,EBA2,MBA,LBA,IA1,IA2",NA,1
"195","408","",NA,"","","(Tell 'Arbid)",NA,NA,NA,NA,NA,NA,NA,NA,NA,NA,NA,NA,NA,NA,NA,NA,NA,NA,NA,NA,NA,NA,NA,NA,NA,NA,680203.629802,4082687.87738,2.1436780381e-05,38,38,38,38,38,38,2.1436780381e-05,636,"(Tell 'Arbid)",0,38,"EBA1,EBA2,MBA,LBA,IA1,IA2",NA,1
"196","41","LLN_161",74,"LLN","LLN_161_0_0","Mathlutheh Hillal",0,0,1.96,0,0,0,0,0,0,0,0,0,1.96,0,1.96,0,0,0,0,0,0,0,0,0,0,0,716057.3616,4077965.3056,1.96,0,1.96,1.96,1.96,0,0,0,NA,"",NA,1.96,"EBA2,MBA,LBA",NA,2
"197","419","",NA,"","","(Tell Rad Shaqrah)",NA,NA,NA,NA,NA,NA,NA,NA,NA,NA,NA,NA,NA,NA,NA,NA,NA,NA,NA,NA,NA,NA,NA,NA,NA,NA,664186.039153,4037399.12,1.993243655e-06,1.3,1.3,1.3,1.3,1.3,1.3,1.993243655e-06,204,"(Tell Rad Shaqrah)",0,1.3,"EBA1,EBA2,MBA,LBA,IA1,IA2",NA,1
"198","421","",NA,"","","(Tell Tnenir)",NA,NA,NA,NA,NA,NA,NA,NA,NA,NA,NA,NA,NA,NA,NA,NA,NA,NA,NA,NA,NA,NA,NA,NA,NA,NA,667282.056048,4032179.15087,40,40,40,40,40,40,40,0,NA,"(Tell Tnenir)",0,40,"EBA1,EBA2,MBA,LBA,IA1,IA2",NA,5
"199","422","",NA,"","","(Tell Zaghan)",NA,NA,NA,NA,NA,NA,NA,NA,NA,NA,NA,NA,NA,NA,NA,NA,NA,NA,NA,NA,NA,NA,NA,NA,NA,NA,656800.566374,4046308.29688,5.610914489e-06,1e-04,1e-04,1e-04,1e-04,1e-04,1e-04,5.610914489e-06,549,"(Tell Zaghan)",0,5.610914489e-06,"EBA1,EBA2,MBA,LBA,IA1,IA2",NA,1
"200","43","LLN_165",123,"LLN","LLN_165_0_0","Amri Kabir",0,2,2,0,0,2,0,2,0,0,0,0,2,0,0,0,0,0,0,0,0,0,0,0,0,0,714313.8059,4077328.6361,2,2,2,2,0,0,0,0,NA,"",NA,2,"EBA1,EBA2,MBA",NA,2
"201","45","LLN_169",29,"LLN","LLN_169_0_0","Qasr Faris",1.5625,0,1.5625,0,0,1.5625,0,1.5625,0,0,0,0,1.5625,0,0,0,0,0,0,0,0,0,0,0,0,0,720233.6999,4081932.0909,1.5625,1.5625,1.5625,1.5625,0,0,0,0,NA,"",NA,1.5625,"EBA1,EBA2,MBA",NA,2
"202","46","LLN_17",23,"LLN","LLN_17_0_0","Kulurah",0,2,2,0,0,2,0,0,0,0,0,0,2,0,0,0,0,0,0,0,0,0,0,0,0,0,714724.6724,4087225.6376,2,2,2,2,0,0,0,0,NA,"",NA,2,"EBA1,EBA2,MBA",NA,2
"203","48","LLN_179",173,"LLN","LLN_179_0_0","Tartab 3",0,6.4,6.4,0,0,6.4,0,6.4,0,0,0,0,6.4,0,0,0,0,0,0,0,0,0,0,0,0,0,721878.0002,4085740.0313,6.4,6.4,6.4,6.4,0,0,0,0,NA,"",NA,6.4,"EBA1,EBA2,MBA",NA,3
"204","49","LLN_18",30,"LLN","LLN_18_0_0","Farsouk Kebir",0,0,2,0,0,2,0,2,0,0,0,0,2,0,0,0,0,0,0,0,0,0,0,0,0,0,720870.058,4082470.5346,2,0,2,2,0,0,0,4.99990007e-06,853,"",NA,2,"EBA2,MBA",NA,2
"205","5","LLN_102",117,"LLN","LLN_102_0_0","Bum",0,0,0,0,0,0,0,0,0,0,0,0,0.5,0,0,0,0,0,0,0,0,0,0,0,0,0,732942.0049,4091372.2826,0.5,0,0,0.5,0,0,0,0,NA,"",NA,0.5,"MBA",NA,1
"206","50","LLN_180",26,"LLN","LLN_180_0_0","Ghazal",0,11.96,11.96,0,0,11.96,0,11.96,0,11.96,0,0,11.96,0,0,0,0,0,0,0,0,0,0,0,0,0,708606.3497,4084069.9172,11.96,11.96,11.96,11.96,0,0,0,4.44718999e-06,177,"",NA,11.96,"EBA1,EBA2,MBA",NA,4
"207","51","LLN_181",95,"LLN","LLN_181_0_0","Bayazeh Kabira 1",0,0,0,0,0,0,0,0,0,0,0,0,1.484893377,0,0,0,0,0,0,0,0,0,0,0,0,0,725407.6704,4094393.469,1.484893377,0,0,1.484893377,0,0,0,0,NA,"",NA,1.484893377,"MBA",NA,2
"208","52","LLN_182",174,"LLN","LLN_182_0_0","Bayaza Kabira 2",0,0,0,0,0,0,0,0,0,0,0,0,1.125,0,0,0,0,0,0,0,0,0,0,0,0,0,721834.0501,4085680.0994,1.125,0,0,1.125,0,0,0,0,NA,"",NA,1.125,"MBA",NA,2
"209","53","LLN_183",89,"LLN","LLN_183_0_0","Banja",0,0,0,0,0,0,0,0,0,0,0,0,3.1415926,0,3.1415926,0,0,0,0,0,0,0,0,0,0,0,733821.2825,4091398.9025,3.1415926,0,0,3.1415926,3.1415926,0,0,1.439969609e-06,384,"",NA,3.1415926,"MBA,LBA",NA,2
"210","54","LLN_184",125,"LLN","LLN_184_0_0","Qubur al-harb",0,0,0,0,0,0,0,0,0,0,0,0,1,0,0,0,0,0,0,0,0,0,0,0,0,0,734793.1012,4097214.382,1,0,0,1,0,0,0,0,NA,"",NA,1,"MBA",NA,1
"211","55","LLN_185",175,"LLN","LLN_185_0_0","Khazna 2",0,0,0,0,0,0,0,0,0,0,0,0,2.25,0,0,0,0,0,0,0,0,0,0,0,0,0,721846.0365,4085608.181,2.25,0,0,2.25,0,0,0,0,NA,"",NA,2.25,"MBA",NA,2
"212","56","LLN_186",75,"LLN","LLN_186_0_0","Farfara",0,176,176,0,0,176,0,176,0,176,0,0,176,0,176,0,0,176,0,0,0,0,0,0,0,0,707967.0257,4077806.9197,176,176,176,176,176,176,0,4.6431759083e-05,776,"",NA,176,"EBA1,EBA2,MBA,LBA,IA1",NA,7
"213","58","LLN_189",28,"LLN","LLN_189_0_0","Ahmed",2.25,0,2.25,0,0,2.25,0,2.25,0,0,0,0,2.25,0,0,0,0,0,0,0,0,0,0,0,0,0,709528.3978,4081186.7071,2.25,2.25,2.25,2.25,0,0,0,1.4709551834e-05,832,"",NA,2.25,"EBA1,EBA2,MBA",NA,2
"214","59","LLN_19",176,"LLN","LLN_19_0_0","",0,0,0,0,0,0,0,0,0,0,0,0,1e-04,0,0,0,0,0,0,0,0,0,0,0,0,0,721885.9912,4085552.2445,NA,0,0,1e-04,0,0,0,0,NA,"",NA,2.1,"MBA",NA,8
"215","6","LLN_104",163,"LLN","LLN_104_0_0","Magreinat West",0,0,0,0,0,0,0,0,0,0,0,0,2.25,0,0,0,0,2.25,0,0,0,0,0,0,0,0,721917.9549,4085700.0767,2.25,0,0,2.25,2.25,2.25,0,0,NA,"",NA,2.25,"MBA,LBA,IA1",NA,2
"216","60","LLN_190",126,"LLN","LLN_190_0_0","Abu Tuwain",0,0,0,0,0,0,0,0,0,0,0,0,1.5,0,0,0,0,0,0,0,0,0,0,0,0,0,712202.1508,4078577.9061,1.5,0,0,1.5,0,0,0,3.124228622e-06,15,"",NA,1.5,"MBA",NA,2
"217","61","LLN_193",76,"LLN","LLN_193_0_0","Ambar",0,0,0,0,0,0,0,0,0,0,0,0,0.7501,0,0.7501,0,0,0,0,0,0,0,0,0,0,0,707089.3356,4081101.9638,0.7501,0,0,0.7501,0.7501,0,0,7.707619439e-06,343,"",NA,0.7501,"MBA,LBA",NA,1
"218","62","LLN_196",77,"LLN","LLN_196_0_0","Shalumiyah",0,3.99,0,0,0,0,0,0,0,0,0,0,3.99,0,0,0,0,0,0,0,0,0,0,0,0,0,727157.1651,4105021.508,3.99,3.99,0,3.99,0,0,0,3.767822392e-06,418,"",NA,3.99,"EBA1,MBA",NA,2
"219","63","LLN_197",102,"LLN","LLN_197_0_0","Mezgaft",0,0,0,0,0,0,0,0,0,0,0,0,0.7,0,0,0,0,0,0,0,0,0,0,0,0,0,732557.541,4108018.6473,0.7,0,0,0.7,0,0,0,3.187816493e-06,808,"",NA,0.7,"MBA",NA,1
"220","64","LLN_198",127,"LLN","LLN_198_0_0","Qubik",0,0,1.76,0,0,1.76,0,1.76,0,0,0,0,1.76,0,0,0,0,0,0,0,0,0,0,0,0,0,733707.9775,4106932.6972,1.76,0,1.76,1.76,0,0,0,0,NA,"",NA,1.76,"EBA2,MBA",NA,2
"221","65","LLN_2",128,"LLN","LLN_2_0_0","Qiru",0,0,0,0,0,2.04,0,2.04,0,2.04,0,0,2.04,0,0,0,0,0,0,0,0,0,0,0,0,0,718786.7053,4098050.2512,2.04,0,2.04,2.04,0,0,0,0,NA,"",NA,2.04,"EBA2,MBA",NA,2
"222","66","LLN_20",4,"LLN","LLN_20_0_0","Gir Sheyran",0,3.84,3.84,0,0,3.84,0,0,0,0,0,0,3.84,0,0,0,0,0,0,0,0,0,0,0,0,0,724734.5018,4098670.5759,3.84,3.84,3.84,3.84,0,0,0,2.920070264e-06,386,"",NA,3.84,"EBA1,EBA2,MBA",NA,2
"223","67","LLN_201",129,"LLN","LLN_201_0_0","Hansa",0,0,0,0,0,0,0,32.5,0,32.5,0,0,32.5,0,32.5,0,0,0,0,0,0,0,0,0,0,0,716082.2948,4055296.3737,32.5,0,32.5,32.5,32.5,0,0,0,NA,"",NA,32.5,"EBA2,MBA,LBA",NA,5
"224","68","LLN_203",7,"LLN","LLN_203_0_0","Khzeimok",0,0,0,0,0,0,0,0,0,0,0,0,1.4,0,0,0,0,0,0,0,0,0,0,0,0,0,730064.7513,4102936.3935,1.4,0,0,1.4,0,0,0,0,NA,"",NA,1.4,"MBA",NA,2
"225","7","LLN_106",67,"LLN","LLN_106_0_0","Toueiyel",0,4.08,4.08,0,0,4.08,0,4.08,0,0,0,0,4.08,0,0,0,0,0,0,0,0,0,0,0,0,0,729549.4,4083222.5702,4.08,4.08,4.08,4.08,0,0,0,1.5418366506e-05,709,"",NA,4.08,"EBA1,EBA2,MBA",NA,2
"226","71","LLN_210",106,"LLN","LLN_210_0_0","Umm et-Tlal",0,0,0,0,0,0,0,0,0,0,0,0,17.16,0,0,0,0,0,0,0,0,0,0,0,0,0,728294.9801,4056306.1251,17.16,0,0,17.16,0,0,0,0,NA,"",NA,17.16,"MBA",NA,4
"227","72","LLN_212",48,"LLN","LLN_212_0_0","al-Andalus",0,0,0,0,0,0,0,0,0,0,0,0,64,0,64,0,0,64,0,0,0,0,0,0,0,0,733816.8245,4056171.4814,64,0,0,64,64,64,0,4.4428408378e-05,238,"",NA,64,"MBA,LBA,IA1",NA,6
"228","73","LLN_218",178,"LLN","LLN_218_0_0","Qortoba Kabira",0,0,0,0,0,0,0,0,0,0,0,0,5.52,0,5.52,0,0,0,0,0,0,0,0,0,0,0,722033.8233,4085524.2763,5.52,0,0,5.52,5.52,0,0,0,NA,"",NA,5.52,"MBA,LBA",NA,3
"229","74","LLN_219",108,"LLN","LLN_219_0_0","D'ba'a",0,0,0,0,0,0,0,0,0,0,0,0,6.3,0,6.3,0,0,6.3,0,0,0,0,0,0,0,0,722053.459,4061806.0551,6.3,0,0,6.3,6.3,6.3,0,0,NA,"",NA,6.3,"MBA,LBA,IA1",NA,3
"230","75","LLN_22",5,"LLN","LLN_22_0_0","Gir Dahul",0,0,0,0,0,3.75,0,0,0,0,0,0,3.75,0,0,0,0,0,0,0,0,0,0,0,0,0,724903.3954,4100430.5682,3.75,0,3.75,3.75,0,0,0,0,NA,"",NA,3.75,"EBA2,MBA",NA,2
"231","77","LLN_221",46,"LLN","LLN_221_0_0","Abu Zayyan",0,0,0,0,0,0,0,0,0,0,0,0,1.05,0,0,0,0,0,0,0,0,0,0,0,0,0,726927.5725,4066516.1305,1.05,0,0,1.05,0,0,0,0,NA,"",NA,1.05,"MBA",NA,2
"232","78","LLN_223",47,"LLN","LLN_223_0_0","Sultan et-Tellul",0,7.8,0,0,0,0,0,7.8,0,0,0,0,7.8,0,7.8,0,0,7.8,0,0,0,0,0,0,0,0,730368.3696,4063486.1668,7.8,7.8,7.8,7.8,7.8,7.8,0,1.6658734782e-05,729,"",NA,7.8,"EBA1,EBA2,MBA,LBA,IA1",NA,3
"233","79","LLN_225",78,"LLN","LLN_225_0_0","Sagar East",0,0,0,0,0,0,0,0,0,0,0,0,9.72,0,9.72,0,0,9.72,0,0,0,0,0,0,0,0,732817.7488,4066907.9868,9.72,0,0,9.72,9.72,9.72,0,0,NA,"",NA,9.72,"MBA,LBA,IA1",NA,3
"234","8","LLN_107",164,"LLN","LLN_107_0_0","Hansa al-Boutha",0,0,0,0,0,0,0,0,0,0,0,0,7.08822e-05,0,0,0,0,0,0,0,0,0,0,0,0,0,721969.8959,4085664.1175,7.08822e-05,0,0,7.08822e-05,0,0,0,0,NA,"",NA,7.08822e-05,"MBA",NA,1
"235","80","LLN_226",132,"LLN","LLN_226_0_0","Haman",0,0,0,0,0,0,0,0,0,0,0,0,1.3,0,0,0,0,0,0,0,0,0,0,0,0,0,733087.1092,4064864.2167,1.3,0,0,1.3,0,0,0,0,NA,"",NA,1.3,"MBA",NA,2
"236","81","LLN_227",110,"LLN","LLN_227_0_0","Bouwaitikh",0,0,0,0,0,0,0,0,0,0,0,0,5.7,0,0,0,0,0,0,0,0,0,0,0,0,0,734339.3726,4071857.3642,5.7,0,0,5.7,0,0,0,7.089052138e-06,90,"",NA,5.7,"MBA",NA,3
"237","82","LLN_231",109,"LLN","LLN_231_0_0","Aweinat ibn Harshan",0,0,0,0,0,0,0,0,0,0,0,0,11.04,0,0,0,0,11.04,0,0,0,0,0,0,0,0,718243.8019,4060630.3297,11.04,0,0,11.04,11.04,11.04,0,0,NA,"",NA,11.04,"MBA,LBA,IA1",NA,4
"238","83","LLN_233",79,"LLN","LLN_233_0_0","Aweinat ibn Harshan 3",0,0,0,0,0,0,0,0,0,0,0,0,4.84,0,0,0,0,0,0,0,0,0,0,0,0,0,716787.8421,4060936.3149,4.84,0,0,4.84,0,0,0,0,NA,"",NA,4.84,"MBA",NA,2
"239","84","LLN_236",40,"LLN","LLN_236_0_0","Bouwaitikh North",0,0,0,0,0,0,0,0,0,0,0,0,1.1,0,0,0,0,0,0,0,0,0,0,0,0,0,734287.4636,4073858.9174,1.1,0,0,1.1,0,0,0,2.407141319e-06,850,"",NA,1.1,"MBA",NA,2
"240","85","LLN_237",80,"LLN","LLN_237_0_0","Zahara",0,0,0,0,0,0,0,0,0,0,0,0,14.8,0,0,0,0,0,0,0,0,0,0,0,0,0,714914.316,4052610.779,14.8,0,0,14.8,0,0,0,9.870715133e-06,265,"",NA,14.8,"MBA",NA,4
"241","86","LLN_238",104,"LLN","LLN_238_0_0","Dabagh",0,0,0,0,0,9.45,0,9.45,0,0,0,0,9.45,0,0,0,0,0,0,0,0,0,0,0,0,0,712748.6811,4055071.375,9.45,0,9.45,9.45,0,0,0,0,NA,"",NA,9.45,"EBA2,MBA",NA,3
"242","87","LLN_24",133,"LLN","LLN_24_0_0","",0,0,0,0,0,0,0,0,0,0,0,0,1e-04,0,0,0,0,0,0,0,0,0,0,0,0,0,714493.3719,4067350.1414,NA,0,0,1e-04,0,0,0,0,NA,"",NA,2.1,"MBA",NA,8
"243","88","LLN_240",103,"LLN","LLN_240_0_0","Taif",0,0,0,0,0,0,0,0,0,0,0,0,7.29,0,0,0,0,0,0,0,0,0,0,0,0,0,712092.1453,4054939.6447,7.29,0,0,7.29,0,0,0,0,NA,"",NA,7.29,"MBA",NA,3
"244","89","LLN_241",81,"LLN","LLN_241_0_0","Dumdum",0,0,0,0,0,27.52537772,0,27.52537772,0,0,0,0,27.52537772,0,27.52537772,0,0,27.52537772,0,0,0,0,0,0,0,0,706722.1879,4053281.154,27.52537772,0,27.52537772,27.52537772,27.52537772,27.52537772,0,7.493829015e-06,599,"",NA,27.52537772,"EBA2,MBA,LBA,IA1",NA,5
"245","9","LLN_108",118,"LLN","LLN_108_0_0","Jalak",0,0,0,0,0,0,0,1.5,0,0,0,0,1.5,0,0,0,0,0,0,0,0,0,0,0,0,0,722478.0948,4084177.9132,1.5,0,1.5,1.5,0,0,0,0,NA,"",NA,1.5,"EBA2,MBA",NA,2
"246","90","LLN_245",42,"LLN","LLN_245_0_0","Gibsi",0,0,0,0,0,0,0,0.405,0,0,0,0,0.405,0,0,0,0,0.405,0,0,0,0,0,0,0,0,712801.8133,4065980.0827,0.405,0,0.405,0.405,0.405,0.405,0,2.64933934e-06,403,"",NA,0.405,"EBA2,MBA,LBA,IA1",NA,1
"247","91","LLN_248",113,"LLN","LLN_248_0_0","Gasi West",0,0,0,0,0,0,0,0,0,0,0,0,3.36,0,3.36,0,0,0,0,0,0,0,0,0,0,0,713324.8514,4064576.3173,3.36,0,0,3.36,3.36,0,0,0,NA,"",NA,3.36,"MBA,LBA",NA,2
"248","92","LLN_249",179,"LLN","LLN_249_0_0","Gasi",0,0,0,0,0,0,0,0,0,0,0,0,2.405,0,0,0,0,0,0,0,0,0,0,0,0,0,722085.7644,4085580.2128,2.405,0,0,2.405,0,0,0,0,NA,"",NA,2.405,"MBA",NA,2
"249","93","LLN_25",134,"LLN","LLN_25_0_0","Barham Qadim",0,0,0,0,0,5.45,0,0,0,0,0,0,5.45,0,0,0,0,0,0,0,0,0,0,0,0,0,724253.1637,4095957.3252,5.45,0,5.45,5.45,0,0,0,0,NA,"",NA,5.45,"EBA2,MBA",NA,3
"250","94","LLN_251",82,"LLN","LLN_251_0_0","Hamis",0,0,0,0,0,0,0,9.9,0,0,0,0,9.9,0,0,0,0,0,0,0,0,0,0,0,0,0,714217.9214,4070535.8954,9.9,0,9.9,9.9,0,0,0,1.8055508526e-05,251,"",NA,9.9,"EBA2,MBA",NA,3
"251","95","LLN_255",135,"LLN","LLN_255_0_0","Aweinat ibn Harshan 5",0,0,0,0,0,0,0,0,0,0,0,0,1e-04,0,1e-04,0,0,0,0,0,0,0,0,0,0,0,720675.3868,4061001.4775,NA,0,0,1e-04,1e-04,0,0,0,NA,"",NA,2.1,"MBA,LBA",NA,8
"252","96","LLN_256",137,"LLN","LLN_256_0_0","Aweinat ibn Harshan 6",0,0,0,0,0,0,0,0,0,0,0,0,3,0,0,0,0,3,0,0,0,0,0,0,0,0,719611.7234,4061388.2642,3,0,0,3,3,3,0,0,NA,"",NA,3,"MBA,LBA,IA1",NA,2
"253","97","LLN_257",31,"LLN","LLN_257_0_0","Lazzaga",0,0,16.2,0,0,16.2,0,16.2,0,0,0,0,16.2,0,0,0,0,0,0,0,0,0,0,0,0,0,732114.2452,4084469.6918,16.2,0,16.2,16.2,0,0,0,0,NA,"",NA,16.2,"EBA2,MBA",NA,4
"254","98","LLN_261",114,"LLN","LLN_261_0_0","Graga Fowqani",0,0,0,0,0,0,0,0,0,0,0,0,14.8,0,0,0,0,0,0,0,0,0,0,0,0,0,735238.3999,4082954.8782,14.8,0,0,14.8,0,0,0,0,NA,"",NA,14.8,"MBA",NA,4
"255","99","LLN_264",38,"LLN","LLN_264_0_0","Abu Qadeir",6.25,0,6.25,0,0,6.25,0,6.25,0,6.25,0,0,6.25,0,0,0,0,0,0,0,0,0,0,0,0,0,737673.8578,4081954.8873,6.25,6.25,6.25,6.25,0,0,0,1.8560335792e-05,271,"",NA,6.25,"EBA1,EBA2,MBA",NA,3
